,name,id,start,end,lat,lng
0,1 Ave & E 110 St,0,2323,2393,40.7923272,-73.9383
1,1 Ave & E 16 St,1,9659,9612,40.73221853,-73.98165557
2,1 Ave & E 18 St,2,8154,8029,40.73381219196632,-73.98054420948029
3,1 Ave & E 30 St,3,4577,4588,40.74144387,-73.97536082
4,1 Ave & E 39 St,4,7275,7327,40.74714,-73.97113
5,1 Ave & E 44 St,5,1660,1590,40.75001986,-73.96905301
6,1 Ave & E 6 St,6,8091,8091,40.72633085971696,-73.98616880178452
7,1 Ave & E 62 St,7,6504,6499,40.7612274,-73.96094022
8,1 Ave & E 68 St,8,10893,10903,40.76500525,-73.95818491
9,1 Ave & E 78 St,9,7521,7520,40.77140426,-73.9535166
10,1 Ave & E 94 St,10,2535,2522,40.7817212,-73.94594
11,1 Pl & Clinton St,11,510,516,40.6809591,-73.99905709
12,1 St & 6 Ave,12,1212,1226,40.672784,-73.979826
13,10 Ave & W 14 St,13,9804,9967,40.74198159994023,-74.00831580162048
14,10 Ave & W 202 St,14,210,212,40.861281970750994,-73.921417593956
15,10 Ave & W 204 St,15,86,96,40.862638,-73.92006
16,10 Ave & W 207 St,16,320,353,40.864632,-73.918598
17,10 Ave & W 215 St,17,127,133,40.86932465640094,-73.91519755125046
18,10 Ave & W 28 St,18,8774,8677,40.75066386,-74.00176802
19,10 St & 2 Ave,19,674,810,40.671907,-73.993612
20,10 St & 5 Ave,20,1395,1413,40.6686273,-73.98700053
21,10 St & 7 Ave,21,2353,2355,40.6662078,-73.98199886
22,11 Ave & Prospect Ave,22,659,656,40.65629,-73.977335
23,11 Ave & W 27 St,23,7453,7467,40.751396,-74.005226
24,11 Ave & W 41 St,24,9838,9898,40.76030096,-73.99884222
25,11 Ave & W 59 St,25,5463,5458,40.77149671054441,-73.99046033620834
26,11 St & 43 Ave,26,559,579,40.7519071,-73.9479119
27,11 St & Washington St,27,0,1,40.74998490907138,-74.02715027332306
28,12 Ave & 36 St,28,279,332,40.643546,-73.986418
29,12 Ave & W 125 St,29,3051,3057,40.818299,-73.960405
30,12 Ave & W 40 St,30,11028,10975,40.76087502,-74.00277668
31,12 St & 4 Ave,31,1169,1201,40.668603,-73.9904394
32,12 St & Sinatra Dr N,32,0,1,40.75060414236896,-74.02402013540268
33,14 St & 5 Ave,33,1519,1520,40.666287,-73.98895053
34,14 St & 7 Ave,34,715,707,40.663779,-73.98396846
35,14 St Ferry - 14 St & Shipyard Ln,35,0,6,40.75296063046496,-74.02435272932053
36,16th St & 4th Ave,36,431,436,40.666197,-73.992466
37,17 St & 5 Ave,37,1298,1340,40.663493,-73.991007
38,18 St & 27 Ave,38,765,757,40.772768286288304,-73.92743647098541
39,19 St & 24 Ave,39,972,976,40.7774552,-73.9225403
40,19 St & 8 Ave,40,191,179,40.658489,-73.985543
41,2 Av & 37 St,41,70,79,40.656326,-74.009627
42,2 Ave & 32 St,42,196,217,40.659176,-74.006584
43,2 Ave & 36 St,43,452,498,40.65708866668485,-74.00870203971863
44,2 Ave & E 104 St,44,1890,1886,40.7892105,-73.94370784
45,2 Ave & E 122 St,45,1096,1091,40.8006721,-73.9349
46,2 Ave & E 125 St,46,1257,1262,40.802554,-73.933509
47,2 Ave & E 29 St,47,7187,7057,40.74172351097472,-73.97809267044067
48,2 Ave & E 31 St,48,6632,6639,40.74290902,-73.97706058
49,2 Ave & E 55 St,49,2905,2873,40.757920208794026,-73.96638214588165
50,2 Ave & E 72 St,50,5686,5674,40.7687620293096,-73.95840793848038
51,2 Ave & E 96 St,51,4107,4090,40.7839636,-73.9471673
52,2 Ave & E 99 St,52,1560,1584,40.7862586,-73.94552579
53,20 Ave & 21 St,53,221,239,40.784003,-73.912297
54,20 Ave & 33 St,54,248,240,40.779399,-73.905708
55,20 Ave & 38 St,55,682,676,40.777112,-73.902382
56,20 Ave & 42 St,56,55,76,40.775415,-73.900063
57,20 Ave & 48 St,57,143,158,40.772899,-73.896849
58,20 Ave & Shore Blvd,58,167,183,40.785994,-73.915098
59,21 Ave & 80 St,59,126,124,40.770888,-73.889914
60,21 Ave & Crescent St,60,656,654,40.780478,-73.912212
61,21 Ave & Shore Blvd,61,338,336,40.783956,-73.916894
62,21 St & 21 Ave,62,466,475,40.782465,-73.914527
63,21 St & 23 Ave,63,426,438,40.778557,-73.919046
64,21 St & 31 Dr,64,948,948,40.7659,-73.930819
65,21 St & 36 Ave,65,471,466,40.7601853,-73.9362726
66,21 St & 38 Ave,66,345,335,40.7576314,-73.9391224
67,21 St & 4 Ave,67,629,626,40.662584,-73.995554
68,21 St & 43 Ave,68,467,474,40.75052534,-73.94594845
69,21 St & Hoyt Ave S,69,1299,1282,40.774645,-73.923706
70,21 St & Queens Plaza North,70,1377,1388,40.75325964,-73.94335788
71,23 Ave & 27 St,71,607,600,40.776165,-73.9153175
72,23 Rd & 29 St,72,219,224,40.77406014982225,-73.914934694767
73,23 St & 3 Ave,73,159,227,40.662611,-73.998623
74,24 Ave & 26 St,74,735,743,40.774591,-73.918544
75,24 Ave & 29 St,75,822,817,40.7729,-73.916142
76,24 St & 38 Ave,76,601,613,40.756351,-73.936515
77,24 St & 41 Ave,77,1032,1035,40.752474,-73.939991
78,24 St & 5 Ave,78,689,692,40.659555,-73.995068
79,25 Ave & 41 St,79,705,656,40.767666,-73.910963
80,27 Ave & 3 St,80,409,410,40.77485,-73.9342
81,27 Ave & 9 St,81,631,630,40.7739825,-73.9309134
82,27 St & Hunter St,82,2062,2099,40.7485,-73.941275
83,28 Ave & 35 St,83,958,960,40.7671,-73.9169858
84,28 Ave & 44 St,84,664,645,40.76408932350688,-73.91065120697021
85,28 St & 36 Ave,85,849,741,40.757186,-73.932719
86,28 St & 41 Ave,86,1750,1763,40.751047,-73.93797
87,29 St & 5 Ave,87,183,241,40.656986,-73.998194
88,3 Ave & 14 St,88,527,549,40.6685455,-73.99333264
89,3 Ave & 17 St,89,223,293,40.666168,-73.995549
90,3 Ave & Carroll St,90,732,734,40.677027,-73.9865
91,3 Ave & E 100 St,91,940,929,40.7877214,-73.94728331
92,3 Ave & E 112 St,92,1052,1066,40.795508,-73.941606
93,3 Ave & E 163 St,93,369,362,40.823872,-73.908699
94,3 Ave & E 169 St,94,311,315,40.832678,-73.905158
95,3 Ave & E 170 St,95,237,248,40.834857,-73.903743
96,3 Ave & E 172 St,96,164,166,40.839586,-73.900277
97,3 Ave & E 174 St - Bathgate Vaccination Site,97,350,359,40.84224,-73.8985
98,3 Ave & E 62 St,98,3752,3661,40.76312584,-73.96526895
99,3 Ave & E 71 St,99,2127,1917,40.76873687,-73.96119945
100,3 Ave & E 72 St,100,1902,1889,40.7699426,-73.96060712
101,3 Ave & Franklin Ave,101,271,263,40.82696,-73.907451
102,3 Ave & Schermerhorn St,102,2996,3003,40.68683208,-73.9796772
103,3 Ave & Wakeman Pl,103,144,155,40.638246,-74.024714
104,3 St & 3 Ave,104,1214,1257,40.6750705,-73.98775226
105,3 St & 7 Ave,105,2393,2380,40.6703837,-73.97839676
106,3 St & Hoyt St,106,725,764,40.6777287,-73.99364123
107,3 St & Prospect Park West,107,3422,3169,40.668132,-73.97363831
108,30 Ave & 21 St,108,576,570,40.7703743,-73.9286078
109,30 Ave & 41 St,109,753,741,40.763422,-73.914142
110,30 Ave & 47 St,110,440,411,40.761294,-73.909562
111,30 St & 4 Ave,111,471,511,40.657743,-74.001141
112,31 Ave & 14 St,112,686,685,40.7682,-73.9322662
113,31 Ave & 30 St,113,1193,1178,40.7647,-73.9240312
114,31 Ave & 34 St,114,1746,1736,40.763154,-73.920827
115,31 Ave & 57 St,115,364,393,40.757357,-73.904726
116,31 Ave & 61 St,116,133,159,40.757525,-73.901614
117,31 Ave & Crescent St,117,1424,1436,40.7658346,-73.9265474
118,31 Ave & Steinway St,118,1543,1542,40.7611488,-73.9170071
119,31 Rd & 21 St,119,337,338,40.766824,-73.930486
120,31 St & 21 Ave,120,624,623,40.77813,-73.90842
121,31 St & 23 Ave,121,1694,1697,40.7747878,-73.9125551
122,31 St & Astoria Blvd,122,1326,1330,40.7699176,-73.9184057
123,31 St & Broadway,123,2354,2252,40.761584,-73.925921
124,31 St & Ditmars Blvd,124,1602,1599,40.776168,-73.910485
125,31 St & Hoyt Ave N,125,927,905,40.7711528,-73.9170074
126,31 St & Newtown Ave,126,2202,2107,40.7675487799971,-73.9209334552288
127,31 St & Northern Blvd,127,983,858,40.75186951421875,-73.93349289894103
128,31 St & Thomson Ave,128,706,787,40.74469738,-73.93540375
129,34 Ave & 13 St,129,443,444,40.7638753,-73.9364848
130,34 Ave & 21 St,130,550,553,40.7628138,-73.9342862
131,34 Ave & 31 St,131,760,765,40.759604471387945,-73.92714411020279
132,34 Ave & 38 St,132,1324,1296,40.756913,-73.921631
133,34 Ave & 45 St,133,441,445,40.754795,-73.917014
134,34 Ave & 48 St,134,506,493,40.75388,-73.914952
135,34 St & 35 Ave,135,770,758,40.7569332,-73.9262231
136,34 St & 38 Ave,136,499,492,40.752443,-73.929737
137,34 St & 4 Ave,137,286,293,40.655278,-74.003101
138,34 St & 5 Ave,138,147,215,40.654098,-74.001131
139,34th Ave & Vernon Blvd,139,761,746,40.76535380385866,-73.93986314535141
140,35 Ave & 10 St,140,442,449,40.76315481910373,-73.93985509872437
141,35 Ave & 37 St,141,884,874,40.7557327,-73.9236611
142,35 St & 21 Ave,142,285,281,40.776745,-73.906558
143,35 St & 23 Ave,143,510,525,40.77301508291382,-73.91119033098221
144,35 St & 30 Ave,144,1284,1259,40.76547569244953,-73.91811579465866
145,35 St & 34 Ave,145,856,851,40.7580583,-73.9242751
146,35 St & Broadway,146,1162,1163,40.760339,-73.9222427
147,36 Ave & 10 St,147,812,826,40.7614376,-73.9411265
148,36 Ave & 31 St,148,1279,1244,40.75651272984955,-73.92957486212252
149,36 St & 3 Ave,149,615,618,40.655716,-74.006664
150,36 St & 4 Ave,150,613,619,40.654144,-74.00422
151,36 St & Ditmars Blvd,151,724,719,40.774306,-73.908335
152,37 Ave & 35 St,152,427,419,40.7531106,-73.9279917
153,37 St & 24 Ave,153,513,508,40.7701477,-73.9120938
154,38 Ave & 29 St,154,787,783,40.75473,-73.93367
155,38 St & 30 Ave,155,1435,1429,40.764174520197685,-73.91583994030952
156,38 St & Northern Blvd,156,401,397,40.752372,-73.925384
157,39 St & 2 Ave,157,159,170,40.65539977447831,-74.01062786579132
158,4 Ave & 17 St,158,650,637,40.665507,-73.993037
159,4 Ave & 26 St,159,421,433,40.660079,-73.998633
160,4 Ave & 3 St,160,1631,1645,40.673746,-73.985649
161,4 Ave & 9 St,161,60,60,40.6705135,-73.98876585
162,4 Ave & E 12 St,162,6192,6205,40.732647,-73.99011
163,4 Ave & Shore Road Dr,163,339,365,40.637033,-74.022141
164,40 Ave & 9 St,164,523,559,40.75742,-73.945133
165,40 Ave & Crescent St,165,652,656,40.7535992020056,-73.93795609474182
166,41 St & 3 Ave,166,70,112,40.652512,-74.008906
167,41 St & 4 Ave,167,361,374,40.651354,-74.007168
168,42 Pl & Northern Blvd,168,339,333,40.753091,-73.920603
169,42 St & 1 Ave,169,198,270,40.654798,-74.014372
170,43 St & 23 Ave,170,230,226,40.769673,-73.906018
171,43 St & 35 Ave,171,215,220,40.754139,-73.919543
172,43 St & 37 Ave,172,797,811,40.750181,-73.919998
173,43 St & Broadway,173,752,752,40.7577284,-73.9166368
174,44 Dr & 21 St,174,1817,1858,40.748,-73.9460927
175,44 Dr & Jackson Ave,175,2560,2571,40.74718234,-73.9432635
176,44 St & 2 Ave,176,124,138,40.652502,-74.013587
177,44 St & 3 Ave,177,125,123,40.651173,-74.011405
178,44 St & 6 Ave,178,289,248,40.647105,-74.004483
179,45 Rd & 11 St,179,1704,1721,40.74708586,-73.94977234
180,45 St & 4 Ave,180,430,438,40.649145,-74.009486
181,46 Ave & 5 St,181,3298,3348,40.74731,-73.95451
182,46 St & 25 Ave,182,492,371,40.765753,-73.90676
183,46 St & 28 Ave,183,306,300,40.763328,-73.908782
184,46 St & 30 Rd,184,352,340,40.76072,-73.910989
185,46 St & 6 Ave,185,186,109,40.645921,-74.005708
186,46 St & 7 Ave,186,467,383,40.644743,-74.003754
187,47 Ave & 31 St,187,958,984,40.743,-73.93561
188,47 Ave & Skillman Ave,188,185,198,40.7437524099784,-73.94176483154297
189,47 St & 3 Ave,189,101,128,40.649143,-74.012384
190,48 Ave & 30 Pl,190,207,234,40.74128309355993,-73.93725872039794
191,48 Ave & 5 St,191,965,1008,40.74436328706688,-73.9558732509613
192,48 St & 2 Ave,192,74,90,40.650176,-74.015606
193,48 St & 37 Ave,193,754,793,40.751555,-73.915026
194,48 St & 5 Ave,194,291,277,40.646351,-74.009271
195,48 St & Broadway,195,746,761,40.755763,-73.912715
196,49 Ave & 21 St,196,773,784,40.74252,-73.948852
197,49 St & 25 Ave,197,55,54,40.764496,-73.904632
198,49 St & 31 Ave,198,276,287,40.758057,-73.909831
199,5 Av & W 139 St,199,799,798,40.815484,-73.935856
200,5 Ave & 3 St,200,2440,2479,40.6728155,-73.98352355
201,5 Ave & 37 St,201,308,332,40.652657,-74.002356
202,5 Ave & 41 St,202,628,625,40.649983,-74.005144
203,5 Ave & 66 St,203,322,322,40.635679,-74.020005
204,5 Ave & E 103 St,204,3364,3377,40.7922553,-73.95249933
205,5 Ave & E 135 St,205,703,695,40.812191,-73.937838
206,5 Ave & E 29 St,206,7441,6940,40.7451677,-73.98683077
207,5 Ave & E 63 St,207,3131,3016,40.766368,-73.971518
208,5 Ave & E 72 St,208,7567,7552,40.77282817,-73.96685276
209,5 Ave & E 78 St,209,2956,2922,40.77632142182271,-73.96427392959595
210,5 Ave & E 87 St,210,4693,4686,40.78232260730881,-73.95987510681152
211,5 Ave & E 93 St,211,4106,4108,40.7857851,-73.957481
212,5 Ave & W 126 St,212,1228,1207,40.80722,-73.9418
213,5 Ave & W 131 St,213,846,840,40.81014,-73.93973
214,5 St & 51 Ave,214,574,438,40.7423737,-73.9566
215,5 St & 6 Ave,215,1032,1038,40.6704836,-73.98208968
216,50 St & 30 Ave,216,477,485,40.760083,-73.907107
217,50 St & Northern Blvd,217,460,440,40.753441,-73.912402
218,52 St & 1 Ave,218,132,168,40.649292,-74.020105
219,52 St & 6 Ave,219,98,96,40.642703,-74.009441
220,53 St & 2 Ave,220,170,193,40.64744,-74.018846
221,53 St & 4 Ave,221,557,556,40.644862,-74.014531
222,53 St & 5 Ave,222,248,245,40.643371,-74.011884
223,55 St & 5 Ave,223,146,149,40.642408,-74.013318
224,55 St & 7 Ave,224,338,309,40.639673,-74.008957
225,57 St & 1 Ave - Brooklyn Army Terminal Vaccination Site,225,391,414,40.646377,-74.023087
226,57 St & 4 Ave,226,276,267,40.642622,-74.016866
227,58 St & 2 Ave - Brooklyn Army Terminal Vaccination Site,227,256,296,40.644512,-74.021506
228,58 St & 32 Ave,228,119,127,40.75574,-73.903427
229,59 St & 4 Ave,229,351,333,40.641269,-74.017651
230,59 St & 5 Ave,230,215,225,40.640125,-74.015726
231,6 Ave & 12 St,231,1532,1546,40.6663181,-73.9854617
232,6 Ave & 21 St,232,1212,1223,40.66016,-73.990974
233,6 Ave & 55 St,233,142,151,40.640831,-74.010996
234,6 Ave & 60 St,234,203,194,40.638196,-74.013821
235,6 Ave & 9 St,235,2194,2199,40.668127,-73.98377641
236,6 Ave & Broome St,236,6593,6643,40.72431,-74.00473
237,6 Ave & Canal St,237,3933,4046,40.72243797,-74.00566443
238,6 Ave & W 33 St,238,12288,12276,40.74901271,-73.98848395
239,6 Ave & W 34 St,239,8233,7844,40.74964,-73.98805
240,6 Ave & W 45 St,240,5765,5779,40.756951,-73.982631
241,6 St & 7 Ave,241,1886,1871,40.6686627,-73.97988067
242,62 St & 4 Ave,242,105,105,40.639859,-74.019776
243,62 St & Northern Blvd,243,787,873,40.754176,-73.900318
244,63 St & 5 Ave,244,148,156,40.63766,-74.01782
245,64 St & 3 Ave,245,30,46,40.639978,-74.02324
246,65 St & 2 Ave,246,56,73,40.640493,-74.02564
247,67 St & Erik Pl,247,208,254,40.633385,-74.016562
248,67 St & Ridge Blvd,248,418,427,40.638799,-74.027472
249,7 Ave & 20 St,249,690,676,40.659053,-73.98854
250,7 Ave & 22 St,250,418,288,40.658029,-73.989605
251,7 Ave & 40 St,251,492,314,40.648169,-74.000057
252,7 Ave & 41 St,252,643,584,40.647379,-74.000911
253,7 Ave & Central Park South,253,8294,8325,40.7667405590595,-73.9790689945221
254,7 Ave & Park Pl,254,3542,3548,40.6776147,-73.97324283
255,7 St & 3 Ave,255,1356,1354,40.67260298150126,-73.98983001708984
256,7 St & 5 Ave,256,1512,1525,40.6704922,-73.98541675
257,7 St & Monroe St,257,0,1,40.74641264837719,-74.03797701001167
258,76 St & 21 Ave,258,110,104,40.77028,-73.893675
259,8 Ave & W 16 St,259,5967,5906,40.740983,-74.001702
260,8 Ave & W 27 St,260,3563,3577,40.747968,-73.996637
261,8 Ave & W 31 St,261,8943,9295,40.7505853470215,-73.9946848154068
262,8 Ave & W 33 St,262,9000,8432,40.751551,-73.993934
263,8 Ave & W 38 St,263,9280,9258,40.75461,-73.99177
264,8 Ave & W 49 St,264,6841,6815,40.76171227910671,-73.98655101656914
265,8 Ave & W 52 St,265,6739,6722,40.76370739,-73.9851615
266,8 St & Astoria Blvd,266,331,319,40.7725996921817,-73.93266275525093
267,8 St & Washington St,267,0,1,40.74598388291562,-74.02819901704788
268,9 Ave & W 18 St,268,5848,5982,40.74317449,-74.00366443
269,9 Ave & W 206 St,269,77,107,40.86308937813274,-73.9175833761692
270,9 Ave & W 219 St,270,30,24,40.871094,-73.911503
271,9 Ave & W 22 St,271,12125,12151,40.7454973,-74.00197139
272,9 Ave & W 45 St,272,7780,7778,40.76019252,-73.9912551
273,9 St & 44 Rd,273,719,797,40.74966,-73.9521
274,Academy St & Nagle Ave,274,164,197,40.862562,-73.922661
275,Adam Clayton Powell Blvd & W 115 St,275,1430,1426,40.802535,-73.9532423
276,Adam Clayton Powell Blvd & W 118 St,276,1611,1630,40.804372,-73.951475
277,Adam Clayton Powell Blvd & W 123 St,277,1616,1614,40.8078316,-73.949373
278,Adam Clayton Powell Blvd & W 126 St,278,2775,2772,40.80949534777948,-73.94776493310928
279,Adam Clayton Powell Blvd & W 130 St,279,915,896,40.812346,-73.946168
280,Adam Clayton Powell Blvd & W 132 St,280,1213,1236,40.813539,-73.94521
281,Adam Clayton Powell Blvd & W 138 St,281,1752,1761,40.81695971032464,-73.9422959089279
282,Adam Clayton Powell Blvd & W 141 St,282,810,812,40.819241,-73.941057
283,Adam Clayton Powell Blvd & W 151 St,283,778,782,40.825289,-73.936232
284,Adams St & Prospect St,284,1055,1101,40.70076308326151,-73.98869812488556
285,Adelphi St & Myrtle Ave,285,2456,2474,40.69308257,-73.97178913
286,Albany Ave & Fulton St,286,887,921,40.6800105,-73.938475
287,Albany St & Greenwich St,287,5261,5292,40.709267,-74.013247
288,Albemarle Rd & McDonald Ave,288,315,318,40.645074,-73.979681
289,Alexander Ave & E 134 St,289,393,390,40.807466,-73.927107
290,Allen St & Hester St,290,7635,8004,40.71605866,-73.99190759
291,Allen St & Rivington St,291,7420,7403,40.72019576,-73.98997825
292,Allen St & Stanton St,292,7353,7400,40.722055,-73.989111
293,Amsterdam Ave & W 119 St,293,1552,1525,40.80863217506367,-73.95958609887202
294,Amsterdam Ave & W 125 St,294,1418,1386,40.813358,-73.956461
295,Amsterdam Ave & W 131 St,295,362,363,40.816355,-73.954295
296,Amsterdam Ave & W 136 St,296,476,471,40.819746,-73.951819
297,Amsterdam Ave & W 152 St,297,358,346,40.829523,-73.944279
298,Amsterdam Ave & W 156 St,298,281,242,40.832081,-73.942386
299,Amsterdam Ave & W 162 St,299,382,356,40.83618,-73.939789
300,Amsterdam Ave & W 167 St,300,326,307,40.839443,-73.937044
301,Amsterdam Ave & W 172 St,301,273,264,40.842173,-73.935111
302,Amsterdam Ave & W 175 St,302,270,177,40.844044,-73.933651
303,Amsterdam Ave & W 180 St,303,220,185,40.847396,-73.931205
304,Amsterdam Ave & W 183 St,304,254,256,40.84925,-73.93022
305,Amsterdam Ave & W 186 St,305,198,157,40.851113,-73.928808
306,Amsterdam Ave & W 189 St,306,186,172,40.853142,-73.927094
307,Amsterdam Ave & W 66 St,307,2755,2749,40.7746671,-73.98470567
308,Amsterdam Ave & W 73 St,308,7274,7226,40.77966809007312,-73.98093044757842
309,Amsterdam Ave & W 79 St,309,6136,6100,40.7829391,-73.9786517
310,Amsterdam Ave & W 82 St,310,4730,4641,40.78524672,-73.97667321
311,Anderson Ave & W 164 St,311,137,139,40.832057,-73.927421
312,Andrew Ave N & Hall of Fame Tce,312,117,110,40.85834,-73.91008
313,Andrews Ave S & W 179 St,313,128,107,40.855156,-73.91278
314,Anthony Ave & E 175 St,314,81,82,40.846465,-73.903869
315,Anthony Ave & E Burnside Ave,315,0,0,40.85198,-73.90267
316,Anthony Ave & E Tremont Ave,316,142,146,40.848793,-73.903178
317,Aqueduct Ave & North St,317,179,163,40.8604787,-73.9057169936
318,Aqueduct Ave & W 190 St,318,157,146,40.8649213,-73.9024238
319,Ashland Pl & Dekalb Ave,319,1126,1136,40.690065,-73.978776
320,Astoria Park S & Shore Blvd,320,1522,1483,40.7767,-73.927631
321,Atlantic Ave & Fort Greene Pl,321,3010,3076,40.68382604,-73.97632328
322,Atlantic Ave & Furman St,322,4252,4275,40.69165183,-73.9999786
323,Audobon Ave & W 179 St,323,386,386,40.847305,-73.933291
324,Audubon Ave & Fort George Ave,324,182,167,40.85715781391904,-73.92717361450195
325,Audubon Ave & W 192 St,325,131,73,40.85564,-73.927128
326,Ave D & E 8 St,326,2307,2293,40.72368361,-73.97574813
327,Avenue C & E 18 St,327,3111,2725,40.730563,-73.973984
328,Avenue D & E 10 St,328,2697,2671,40.72506551015475,-73.97515833377838
329,Avenue D & E 3 St,329,4084,4033,40.72082834,-73.97793172
330,Bailey Ave & Sedgwick Ave,330,115,80,40.86571,-73.90857
331,Bailey Ave & W 193 St,331,197,224,40.87069,-73.90678
332,Bainbridge Ave & Bedford Park Blvd,332,206,185,40.87002,-73.88565
333,Bainbridge Ave & E 193 St,333,112,120,40.86389,-73.89246
334,Bainbridge Ave & E 196 St,334,150,130,40.86648,-73.89042
335,Bainbridge Ave & E 198 St,335,172,160,40.8684871,-73.8884559781
336,Baltic St & 5 Ave,336,2181,2195,40.6795766,-73.97854971
337,Bank St & Hudson St,337,5208,5142,40.73652889,-74.00618026
338,Bank St & Washington St,338,4440,4430,40.7361967,-74.00859207
339,Banker St & Meserole Ave,339,1740,1769,40.72606,-73.95621
340,Barclay St & Church St,340,2434,2455,40.71291224,-74.01020234
341,Barrow St & Hudson St,341,5629,5629,40.73172428,-74.00674436
342,Barry St & Tiffany St,342,71,72,40.816126,-73.891559
343,Bay St & Court St,343,257,392,40.671409,-74.001328
344,Bayard St & Baxter St,344,5185,5242,40.71602118,-73.99974372
345,Bayard St & Leonard St,345,2306,2401,40.71915571696044,-73.94885390996933
346,Beaver St & Fayette St,346,1442,1462,40.70099,-73.93921
347,Beck St & Leggett Ave,347,261,264,40.815077,-73.899939
348,Bedford Ave & Bergen St,348,2798,2780,40.676368,-73.952918
349,Bedford Ave & Montgomery St,349,906,888,40.665816,-73.956934
350,Bedford Ave & Nassau Ave,350,4849,4844,40.72311651,-73.95212324
351,Bedford Ave & S 9 St,351,1123,1140,40.70853074,-73.96408963
352,Bedford Park Blvd & Paul Ave,352,130,123,40.87444,-73.89186
353,Bergen Ave,353,0,3,40.722103786686034,-74.07145500183105
354,Bergen Ave & E 152 St,354,341,346,40.817166,-73.914737
355,Bergen St & 4 Ave,355,2496,2514,40.68256425759694,-73.9798977971077
356,Bergen St & Flatbush Ave,356,1111,1099,40.680944723477296,-73.97567331790923
357,Bergen St & Smith St,357,2928,2991,40.6867443,-73.99063168
358,Bergen St & Vanderbilt Ave,358,3385,3351,40.6794388,-73.9680438
359,Berkeley Pl & 6 Ave,359,1505,1510,40.6765304,-73.97846879
360,Berkeley Pl & 7 Ave,360,2757,2772,40.675146838709786,-73.97523209452629
361,Berry St & N 8 St,361,4892,4960,40.7190095,-73.95852515
362,Bialystoker Pl & Delancey St,362,2252,2217,40.71622644,-73.98261206
363,Bleecker St & Crosby St,363,5717,5883,40.72615604980408,-73.99510189890862
364,Bloomfield St & 15 St,364,0,8,40.75453,-74.02658
365,Boerum Pl	& Pacific St,365,14,17,40.688489,-73.99116
366,Boerum Pl\t& Pacific St,366,2625,2637,40.68848905639242,-73.99116039276123
367,Boerum St & Broadway,367,1568,1576,40.70538077,-73.94976519
368,Bond St & Bergen St,368,1627,1690,40.6849668,-73.98620772
369,Bond St & Fulton St,369,264,257,40.68962188790333,-73.98304268717766
370,Boone Ave & E 172 St,370,197,205,40.832649,-73.885272
371,Boston Rd & E 167 St,371,253,253,40.828199,-73.903719
372,Boston Rd & Prospect Ave,372,223,225,40.833246,-73.896599
373,Botanical Sq & Webster Ave,373,304,382,40.86814,-73.88145
374,Bradhurst Ave & W 148 St,374,683,681,40.825125,-73.941616
375,Bridge St & Water St,375,1550,1567,40.70296934155272,-73.98469090461731
376,Bridge St & York St,376,314,404,40.70133448066992,-73.98471236228943
377,Broad St & Bridge St,377,2417,2414,40.70365182,-74.01167797
378,Broad St & Water St,378,924,928,40.70293782409166,-74.01149354875088
379,Broadway & 12 St,379,661,657,40.7668,-73.9347774
380,Broadway & 49 St,380,194,211,40.755389,-73.911517
381,Broadway & 51 St,381,432,436,40.754164,-73.908906
382,Broadway & Battery Pl,382,5216,5511,40.70463334,-74.01361706
383,Broadway & Berry St,383,4245,4239,40.71044554,-73.96525063
384,Broadway & E 14 St,384,12868,12632,40.73454567,-73.99074142
385,Broadway & E 21 St,385,11636,11632,40.73988840858996,-73.98958593606949
386,Broadway & Ellwood St,386,414,415,40.862058,-73.929719
387,Broadway & Furman Ave,387,346,339,40.68139,-73.90756
388,Broadway & Hancock St,388,837,820,40.68663,-73.9168
389,Broadway & Kosciuszko St,389,1277,1272,40.69329,-73.92852
390,Broadway & Madison St,390,1251,1250,40.68822,-73.91966
391,Broadway & Moylan Pl,391,1285,1266,40.8143256,-73.9590255
392,Broadway & Roebling St,392,2412,2413,40.70924826276157,-73.96063148975372
393,Broadway & W 122 St,393,1225,1235,40.8120562,-73.9612547
394,Broadway & W 131 St,394,862,857,40.817555,-73.957163
395,Broadway & W 133 St,395,1048,1059,40.8190344,-73.956156
396,Broadway & W 142 St,396,504,506,40.824686,-73.951947
397,Broadway & W 153 St,397,341,344,40.831327,-73.946665
398,Broadway & W 155 St,398,770,729,40.83299,-73.94592
399,Broadway & W 160 St,399,934,927,40.835775,-73.9434
400,Broadway & W 165 St,400,284,288,40.839137,-73.941409
401,Broadway & W 168 St,401,666,669,40.84089603193041,-73.93972098827362
402,Broadway & W 185 St,402,471,461,40.852538,-73.93441
403,Broadway & W 192 St,403,515,520,40.857994,-73.932173
404,Broadway & W 220 St,404,475,473,40.872412,-73.912807
405,Broadway & W 25 St,405,11113,10999,40.74286877312112,-73.98918628692627
406,Broadway & W 29 St,406,6018,5999,40.7462009,-73.98855723
407,Broadway & W 36 St,407,3238,3190,40.75097711,-73.98765428
408,Broadway & W 37 St,408,2251,2101,40.75172632,-73.98753523
409,Broadway & W 38 St,409,4629,4604,40.7529728216068,-73.98734897375107
410,Broadway & W 41 St,410,6858,6794,40.75513557,-73.98658032
411,Broadway & W 51 St,411,5574,5516,40.76228826,-73.98336183
412,Broadway & W 53 St,412,2930,2950,40.76344058,-73.98268129
413,Broadway & W 56 St,413,5406,5089,40.7652654,-73.98192338
414,Broadway & W 58 St,414,11738,11490,40.76695317,-73.98169333
415,Broadway & Whipple St,415,1479,1583,40.7016657,-73.9437303
416,Bronx Shore Comfort Station,416,456,448,40.80046,-73.92404
417,Brook Ave & E 138 St,417,459,532,40.807408,-73.91924
418,Brook Ave & E 141 St,418,243,240,40.809619,-73.917875
419,Brook Ave & E 148 St,419,416,421,40.814383,-73.915368
420,Brook Ave & E 157 St,420,237,228,40.820713,-73.911759
421,Brooklyn Bridge Park - Pier 2,421,2222,2308,40.698458,-73.997178
422,Bruckner Blvd & Bryant Ave,422,241,240,40.821952,-73.888546
423,Brunswick & 6th,423,0,1,40.72601172964625,-74.05038893222809
424,Buchanan Pl & Grand Ave,424,104,104,40.85834,-73.90626
425,Bulova Ave & Brooklyn Queens Expressway W,425,195,198,40.762507,-73.902534
426,Bus Slip & State St,426,2596,2641,40.701907,-74.013942
427,Bushwick Ave & Dekalb Ave,427,1005,783,40.69502,-73.92825
428,Bushwick Ave & Forrest St,428,892,885,40.70076,-73.93641
429,Bushwick Ave & Furman Ave,429,298,299,40.68281,-73.90623
430,Bushwick Ave & Harman St,430,1199,1193,40.69356,-73.92524
431,Bushwick Ave & Linden St,431,893,877,40.69146,-73.92146
432,Bushwick Ave & McKibbin St,432,792,811,40.705517,-73.93936
433,Bushwick Ave & Powers St,433,1802,1622,40.71247661,-73.94100005
434,Bushwick Ave & Stagg St,434,662,671,40.709897,-73.94008
435,Butler St & Court St,435,1012,1014,40.6849894,-73.99440329
436,Cabrini Blvd & W 177 St,436,379,347,40.848282,-73.941343
437,Cadman Plaza E & Red Cross Pl,437,1894,1918,40.69991755,-73.98971773
438,Cadman Plaza E & Tillary St,438,1697,1762,40.69597683,-73.99014892
439,Calyer St & Jewel St,439,1150,1261,40.72984,-73.94839
440,Cambridge Pl & Gates Ave,440,1768,1777,40.68488,-73.96304
441,Canal St & Rutgers St,441,8416,8398,40.71427487,-73.98990025
442,Carlton Ave & Dean St,442,2648,2647,40.6809741,-73.9710097
443,Carlton Ave & Flushing Ave,443,1570,1800,40.697787,-73.973736
444,Carlton Ave & Park Ave,444,989,992,40.69580705,-73.97355569
445,Carmine St & 6 Ave,445,11611,11695,40.73038599,-74.00214988
446,Carroll St & 5 Ave,446,2000,2000,40.6751622,-73.9814832
447,Carroll St & 6 Ave,447,1968,1990,40.6740886,-73.9787282
448,Carroll St & Bond St,448,1496,1495,40.6786115,-73.99037292
449,Carroll St & Columbia St,449,1384,1447,40.6830456,-74.00348559
450,Carroll St & Franklin Ave,450,686,693,40.6679411,-73.9588
451,Carroll St & Smith St,451,2495,2507,40.680611,-73.99475825
452,Carroll St & Washington Ave,452,655,670,40.6686744,-73.9618148
453,Cathedral Pkwy & Broadway,453,3366,3370,40.804213,-73.96699104
454,Catherine St & Monroe St,454,2613,2618,40.71117444,-73.99682619
455,Caton Ave & Argyle Rd,455,540,536,40.649681,-73.967829
456,Caton Ave & E 10 St,456,466,512,40.648481,-73.97058
457,Caton Ave & E 7 St,457,367,370,40.647718,-73.973663
458,Cauldwell Ave & E 158 St,458,111,113,40.81989,-73.908351
459,Cauldwell Ave & E 161 St,459,194,196,40.82188,-73.907521
460,Cedar Ave & W Fordham Rd,460,220,199,40.86156,-73.91219
461,Cedar St & Evergreen Ave,461,648,644,40.69671,-73.92807
462,Cedar St & Myrtle Ave,462,1056,1057,40.697842,-73.926241
463,Center Blvd & 48 Ave,463,1320,1338,40.745038,-73.957539
464,Center Blvd & 51 Ave,464,2256,2254,40.74336608027021,-73.95960688591003
465,Central Ave & Covert St,465,490,461,40.68929,-73.90951
466,Central Ave & Decatur St,466,448,449,40.6882,-73.90798
467,Central Ave & Flushing Ave,467,893,855,40.702831,-73.9333
468,Central Ave & Himrod St,468,765,762,40.69676,-73.92302
469,Central Ave & Melrose St,469,723,719,40.70112,-73.93039
470,Central Ave & Starr Street,470,1226,1206,40.700003,-73.92834
471,Central Ave & Weirfield St,471,629,648,40.69055,-73.91181
472,Central Ave & Woodbine St,472,750,760,40.69296,-73.91605
473,Central Park North & Adam Clayton Powell Blvd,473,4958,4933,40.799484,-73.955613
474,Central Park S & 6 Ave,474,10947,10792,40.76590936,-73.97634151
475,Central Park W & W 103 St,475,2678,2662,40.79558954105342,-73.96188408136368
476,Central Park W & W 91 St,476,4866,4892,40.78866499127884,-73.96680057048798
477,Central Park W & W 97 St,477,4460,4329,40.79249519495111,-73.96417066463071
478,Central Park West & W 68 St,478,7971,7845,40.7734066,-73.97782542
479,Central Park West & W 72 St,479,7071,6968,40.77579376683666,-73.9762057363987
480,Central Park West & W 76 St,480,5567,5630,40.77896784,-73.97374737
481,Central Park West & W 85 St,481,6240,6240,40.78476,-73.969862
482,Centre St & Chambers St,482,6770,6845,40.71273266,-74.0046073
483,Centre St & Seneca Ave,483,278,269,40.69969,-73.9022
484,Centre St & Worth St,484,3939,3918,40.71494807,-74.00234482
485,Charlotte St & Boston Rd,485,73,69,40.8358771,-73.8931428
486,Cherry St,486,3905,3895,40.71219906,-73.97948148
487,Chester Ave & 12 Ave,487,149,140,40.644367,-73.984276
488,Christopher St & Greenwich St,488,8808,8944,40.73291553,-74.00711384
489,Church Ave & McDonald Ave,489,264,292,40.642809,-73.979239
490,Church Ave & Story St,490,189,250,40.642031,-73.981073
491,Church Sq Park - 5 St & Park Ave,491,0,1,40.74265933273143,-74.03223305940628
492,City Hall,492,0,1,40.7177325,-74.043845
493,Clark St & Henry St,493,954,896,40.69760127,-73.99344559
494,Classon Ave & St Marks Ave,494,2215,2118,40.6765198,-73.9596082
495,Clay Ave & Claremont Pkwy,495,239,249,40.83999,-73.90549
496,Clay Ave & E 173 St,496,187,186,40.843264,-73.904867
497,Clermont Ave & Lafayette Ave,497,2446,2205,40.68764484,-73.96968902
498,Clermont Ave & Park Ave,498,1099,1115,40.69573398,-73.97129668
499,Cleveland Pl & Spring St,499,12760,12893,40.722103786686034,-73.99724900722504
500,Cliff St & Fulton St,500,2860,2972,40.70838,-74.00495
501,Clinton Ave & Flushing Ave,501,1060,1105,40.69794,-73.96986848
502,Clinton Ave & Myrtle Ave,502,3384,3382,40.693261,-73.968896
503,Clinton St	& Cherry St,503,45,52,40.711471,-73.986726
504,Clinton St & 4 Place,504,1455,1465,40.6783563,-74.00014502
505,Clinton St & Centre St,505,388,395,40.67434,-74.00194698
506,Clinton St & Grand St,506,8583,8655,40.71559509,-73.9870295
507,Clinton St & Joralemon St,507,2064,2087,40.69239502,-73.99337909
508,Clinton St & Tillary St,508,2915,2948,40.69623297129316,-73.99142056703568
509,Clinton St & Union St,509,1978,1968,40.6831164,-73.99785267
510,Clinton St\t& Cherry St,510,3829,3870,40.711471394469264,-73.98672603070736
511,Coffey St & Conover St,511,1044,1054,40.677236,-74.015665
512,College Ave & E 170 St,512,103,103,40.837576,-73.910489
513,Columbia Heights & Cranberry St,513,2028,2052,40.70037867,-73.99548059
514,Columbia St & Degraw St,514,1253,1252,40.6859296,-74.00242364
515,Columbia St & Kane St,515,1012,1080,40.68763155,-74.0016256
516,Columbia St & Lorraine St,516,233,500,40.6747055,-74.0075572
517,Columbia St & Rivington St,517,2584,2609,40.71739973,-73.98016555
518,Columbia St & W 9 St,518,270,305,40.6769993,-74.00647134
519,Columbus Ave & W 103 St,519,811,732,40.7969347,-73.9643412291
520,Columbus Ave & W 72 St,520,7977,7946,40.7770575,-73.97898475
521,Columbus Ave & W 95 St,521,4937,4963,40.7919557,-73.968087
522,Columbus Dr at Exchange Pl,522,0,7,40.71687,-74.03281
523,Columbus Drive,523,0,1,40.71835519823214,-74.03891444206238
524,Commerce St & Van Brunt St,524,611,637,40.6812117,-74.00860912
525,Concord St & Bridge St,525,1323,1318,40.69766564,-73.98476437
526,Concourse Village East & E 158 St,526,300,300,40.823732,-73.919379
527,Concourse Village West & E 156 St,527,211,211,40.823162,-73.923267
528,Congress St & Clinton St,528,2115,2159,40.68825516598005,-73.99545192718506
529,Congress St & Hicks St,529,985,1018,40.6893952,-73.9995126
530,Convent Ave & W 135 St,530,496,480,40.818215,-73.950988
531,Convent Ave & W 151 St,531,211,212,40.82831,-73.942924
532,Cooper Square & Astor Pl,532,7203,7399,40.72951496224949,-73.99075269699097
533,Court St & Nelson St,533,1316,1331,40.6763947,-73.99869893
534,Court St & State St,534,3534,3556,40.6902375,-73.99203074
535,Courtlandt Ave & E 149 St,535,109,108,40.816402,-73.919549
536,Courtlandt Ave & E 157 St,536,201,212,40.822267,-73.916792
537,Crescent St & 30 Ave,537,1874,1868,40.768692,-73.9249574
538,Crescent St & 34 Ave,538,1320,1333,40.76108,-73.930562
539,Crescent St & 35 Ave,539,793,769,40.7596276,-73.9321455
540,Crescent St & Broadway,540,1841,1840,40.7633589,-73.9286471
541,Crescent St & Ditmars Blvd,541,591,585,40.7787185,-73.9145645
542,Creston Ave & E 178 St,542,223,211,40.850885,-73.906469
543,Creston Ave & E 181 St,543,188,185,40.8549,-73.90281
544,Crotona Park East & E 173 St,544,129,131,40.837037,-73.890413
545,Crotona Park North & Prospect Ave,545,283,286,40.841092,-73.892317
546,Cumberland St & Lafayette Ave,546,2332,2477,40.68753406,-73.97265183
547,Cypress Ave & George St,547,218,217,40.69812,-73.90271
548,Cypress Ave & Palmetto St,548,194,193,40.70157340873792,-73.90876293182373
549,Dahill Rd & 12 Ave,549,288,332,40.646037,-73.980963
550,Davidson Ave & W Burnside Ave,550,228,229,40.853646,-73.908731
551,Dawson St & Intervale Ave,551,131,149,40.819999,-73.897263
552,DeKalb Ave & Franklin Ave,552,2182,2184,40.69064807082943,-73.95746178925037
553,DeKalb Ave & Hudson Ave,553,2729,2807,40.689888,-73.981013
554,DeKalb Ave & S Portland Ave,554,3099,3120,40.68981035,-73.97493121
555,DeKalb Ave & Vanderbilt Ave,555,3140,3108,40.68940747,-73.96885458
556,Dean St & Franklin Ave,556,2819,2805,40.67759206937376,-73.955637216568
557,Dean St & Hoyt St,557,1602,1621,40.6864442,-73.98759104
558,Decatur Ave & Bedford Park Blvd,558,203,203,40.86813,-73.88412
559,Decatur Ave & E 197 St,559,104,115,40.86557,-73.88807
560,Decatur Ave & Oliver Pl,560,62,79,40.867,-73.8857764
561,Degraw St & Hoyt St,561,1227,1256,40.68199044270703,-73.99079024791718
562,Degraw St & Smith St,562,1678,1680,40.6829151,-73.99318208
563,Delancey St & Eldridge St,563,3093,3060,40.719383,-73.991479
564,Devoe St & Lorimer St,564,2748,2764,40.71335226222875,-73.9491033554077
565,Devoe St & Morgan Ave,565,857,887,40.713811,-73.93515
566,Ditmars Blvd & 19 St,566,869,880,40.78145,-73.9183302
567,Ditmars Blvd & 43 St,567,558,558,40.771203,-73.903865
568,Ditmars Blvd & 48 St,568,200,184,40.769219,-73.901001
569,Ditmars Blvd & 73 St,569,151,148,40.76817,-73.896293
570,Ditmars Blvd & 76 St,570,180,168,40.768442,-73.893531
571,Ditmars Blvd & 79 St,571,298,282,40.768728,-73.890745
572,Division Ave & Hooper St,572,1018,928,40.70684203101325,-73.9544353965357
573,Division Ave & Marcy Ave,573,716,653,40.70708701,-73.95796783
574,Division St & Bowery,574,3637,3788,40.714193,-73.996732
575,Dock 72 Way & Market St,575,1819,1880,40.69985,-73.97141
576,Dock St & Front St,576,2242,2286,40.702709,-73.99253
577,Douglass St & 3 Ave,577,1779,1788,40.6802133,-73.98432695
578,Douglass St & 4 Ave,578,2047,2123,40.6792788,-73.98154004
579,Driggs Ave & Lorimer St,579,2363,2402,40.72179134,-73.9504154
580,Driggs Ave & N 9 St,580,4436,4549,40.71816969454208,-73.95520135760307
581,Driggs Ave & N Henry St,581,2803,2626,40.72325,-73.94308
582,Duane St & Greenwich St,582,2966,2971,40.71748752,-74.0104554
583,Duffield St & Willoughby St,583,2975,2988,40.69221589,-73.9842844
584,Dwight St & Van Dyke St,584,352,353,40.67363551341504,-74.01195555925369
585,Dyckman St & 10 Ave,585,157,169,40.85890447538412,-73.9230939745903
586,Dyckman St & Henshaw St,586,488,492,40.867357,-73.92936
587,Dyckman St & Staff St,587,814,843,40.868846,-73.931537
588,E 1 St & 1 Ave,588,6930,6956,40.72335597960796,-73.98864984512329
589,E 10 St & Avenue A,589,10099,10161,40.72740794,-73.98142006
590,E 102 St & 1 Ave,590,2704,2727,40.7869946,-73.94164802
591,E 102 St & Park Ave,591,1230,1228,40.7904828,-73.95033068
592,E 103 St & Lexington Ave,592,1513,1510,40.7903051,-73.94755757
593,E 106 St & 1 Ave,593,1477,1485,40.7892529,-73.93956237
594,E 106 St & Lexington Ave,594,1272,1261,40.791976,-73.945993
595,E 106 St & Madison Ave,595,1740,1728,40.7934337,-73.94945003
596,E 109 St & 3 Ave,596,1235,1261,40.79329668,-73.9432083
597,E 11 St & 1 Ave,597,8318,8317,40.72953837,-73.98426726
598,E 11 St & 3 Ave,598,7222,7242,40.73127,-73.98849
599,E 11 St & Avenue B,599,5237,5161,40.72746420692392,-73.97950418293476
600,E 110 St & Madison Ave,600,2586,2597,40.7961535,-73.94782145
601,E 114 St & 1 Ave,601,2482,2523,40.7945663,-73.9362541
602,E 115 St & Lexington Ave,602,1351,1344,40.797911,-73.9423
603,E 115 St & Madison Ave,603,932,917,40.7989445,-73.944846
604,E 116 St & 2 Ave,604,1444,1476,40.796879,-73.937261
605,E 118 St & 1 Ave,605,1686,1691,40.79747,-73.93504
606,E 118 St & 3 Ave,606,1482,1483,40.799139,-73.9389152
607,E 118 St & Madison Ave,607,1210,1188,40.8014866,-73.9442507
608,E 118 St & Park Ave,608,577,566,40.8005385,-73.9419949
609,E 12 St & 3 Ave,609,4933,4901,40.73223272,-73.98889957
610,E 12 St & Ave C,610,2795,2786,40.727243,-73.976831
611,E 123 St & Lexington Ave,611,839,833,40.8029263,-73.9379
612,E 128 St & 3 Ave,612,176,159,40.805631,-73.934077
613,E 128 St & Madison Ave,613,861,856,40.80756,-73.939182
614,E 13 St & 2 Ave,614,9439,9439,40.73153937464073,-73.9853024482727
615,E 13 St & Avenue A,615,10805,10700,40.72966729392978,-73.98067966103554
616,E 132 St & Madison Ave,616,878,872,40.810224,-73.937195
617,E 133 St & Cypress Pl,617,134,127,40.80262,-73.9174
618,E 134 St & Walnut Ave,618,95,120,40.800425,-73.911034
619,E 135 St & St Ann's Ave,619,288,290,40.805089,-73.918889
620,E 138 St & 5 Av,620,754,761,40.81449,-73.936153
621,E 138 St & Canal St W,621,410,413,40.812304,-73.929153
622,E 138 St & Cypress Ave,622,338,344,40.805559,-73.914718
623,E 138 St & Grand Concourse,623,287,289,40.813224,-73.930605
624,E 138 St & Willow Ave,624,196,199,40.804168,-73.911545
625,E 14 St & Avenue B,625,5396,5357,40.72938685,-73.97772429
626,E 141 St & Jackson Ave,626,214,217,40.806896,-73.911837
627,E 141 St & St Ann's Ave,627,315,302,40.808633,-73.916124
628,E 142 St & 3 Ave,628,462,470,40.812735,-73.923697
629,E 144 St & Brook Ave,629,207,222,40.811675,-73.917037
630,E 147 St & Bergen Ave,630,428,412,40.814673,-73.91839
631,E 149 St & Eagle Ave,631,298,301,40.814046,-73.91186
632,E 149 St & Jackson Ave,632,428,432,40.813135,-73.909235
633,E 149 St & Morris Ave,633,748,756,40.81734,-73.922962
634,E 149 St & Park Ave,634,413,396,40.818154,-73.925294
635,E 15 St & 3 Ave,635,7878,7495,40.734232,-73.986923
636,E 150 St & Gerard Ave,636,392,409,40.820089,-73.928947
637,E 153 St & E 157 St,637,281,307,40.826677,-73.929327
638,E 155 St & Courtlandt Ave,638,200,203,40.82057,-73.917579
639,E 156 & Brook Ave,639,397,417,40.819823,-73.912411
640,E 157 St & River Ave,640,452,452,40.825737,-73.927311
641,E 158 St & Melrose Ave,641,295,313,40.822215,-73.914688
642,E 16 St & 5 Ave,642,7631,7637,40.73726186,-73.99238967
643,E 16 St & Irving Pl,643,4439,4506,40.735367055605394,-73.98797392845154
644,E 160 St & Tinton Ave,644,148,142,40.820302,-73.903944
645,E 161 St & Park Ave,645,396,398,40.824811,-73.916407
646,E 161 St & River Ave,646,1115,1154,40.827883,-73.927111
647,E 163 St & Tiffany St,647,194,192,40.821075,-73.895069
648,E 163 St & Union Ave,648,273,255,40.822545,-73.901824
649,E 165 St & Clay Ave,649,215,226,40.82809,-73.91288
650,E 165 St & Fox St,650,101,99,40.82394,-73.894025
651,E 165 St & Jerome Ave,651,225,232,40.83263,-73.925101
652,E 167 St & Bryant Ave,652,153,154,40.826706,-73.888719
653,E 167 St & Clay Ave,653,263,261,40.83094,-73.91125
654,E 167 St & Franklin Ave,654,177,175,40.82895,-73.90521
655,E 169 St & Fox St,655,92,86,40.827184,-73.893721
656,E 169 St & Webster Ave,656,347,363,40.834015,-73.908863
657,E 17 St & Broadway,657,13825,13864,40.73704984,-73.99009296
658,E 170 St & Clay Ave,658,163,152,40.837213,-73.908345
659,E 170 St & Sheridan Ave,659,213,217,40.838315,-73.912604
660,E 170 St & Webster Ave,660,408,413,40.83617913677475,-73.90730146322765
661,E 171 St & 3 Ave,661,348,343,40.837119,-73.902185
662,E 171 St & Webster Ave,662,214,237,40.838379,-73.905838
663,E 174 St & Longfellow Ave,663,280,293,40.836274,-73.884308
664,E 174 St & Walton Ave,664,137,140,40.844811,-73.912042
665,E 188 St & Creston Ave,665,360,343,40.861669,-73.898589
666,E 19 St & 3 Ave,666,5464,5445,40.73624527,-73.98473765
667,E 2 St & 2 Ave,667,5654,5816,40.72502876,-73.99069656
668,E 2 St & Avenue A,668,7016,6990,40.72307749068673,-73.98583620786667
669,E 2 St & Avenue B,669,8067,8021,40.72217444,-73.98368779
670,E 2 St & Avenue C,670,6861,6127,40.7208736,-73.98085795
671,E 20 St & 2 Ave,671,8990,8611,40.73587678,-73.98205027
672,E 20 St & FDR Drive,672,5157,5133,40.73314259,-73.97573881
673,E 20 St & Park Ave,673,6427,6454,40.73827428,-73.98751968
674,E 201 St & Briggs Ave,674,178,173,40.87207,-73.88459
675,E 23 St & 1 Ave,675,6207,6222,40.736502,-73.97809472
676,E 25 St & 1 Ave,676,3868,3917,40.7381765,-73.97738662
677,E 25 St & 2 Ave,677,8519,7897,40.73912601,-73.97973776
678,E 27 St & 1 Ave,678,6618,6666,40.739445,-73.976806
679,E 27 St & Park Ave S,679,3755,3665,40.74275179648995,-73.9847157150507
680,E 3 St & 1 Ave,680,4694,4708,40.72467721,-73.98783413
681,E 3 St & Church Ave,681,308,305,40.643817,-73.977433
682,E 30 St & Park Ave S,682,4143,4139,40.74444921,-73.98303529
683,E 31 St & 3 Ave,683,8123,8021,40.74394314,-73.97966069
684,E 32 St & Park Ave,684,6277,6074,40.7457121,-73.98194829
685,E 33 St & 1 Ave,685,9674,9617,40.74322681432173,-73.97449783980846
686,E 33 St & 5 Ave,686,6074,6034,40.74765947,-73.98490707
687,E 39 St & 2 Ave,687,6534,6124,40.74803319428767,-73.973827958107
688,E 39 St & Lexington Ave,688,5572,5507,40.7494985460252,-73.97729203113158
689,E 4 St & 2 Ave,689,6771,6809,40.7262807,-73.98978041
690,E 40 St & 5 Ave,690,5877,5877,40.752062307,-73.9816324043
691,E 41 St & Madison Ave,691,4366,4372,40.752165280621966,-73.97992193698882
692,E 44 St & 2 Ave,692,2305,2167,40.75118387463277,-73.97138714790344
693,E 44 St & Lexington Ave,693,4692,4673,40.752643,-73.974996
694,E 45 St & 3 Ave,694,3457,3445,40.75255434,-73.97282625
695,E 47 St & 1 Ave,695,1712,1661,40.75206862,-73.96784384
696,E 47 St & 2 Ave,696,5810,5631,40.75323098,-73.97032517
697,E 47 St & Park Ave,697,2906,2819,40.75510267,-73.97498696
698,E 48 St & 3 Ave,698,3939,3967,40.7546011026,-73.971878855
699,E 48 St & 5 Ave,699,4016,3975,40.75724567911726,-73.97805914282799
700,E 5 St & Avenue C,700,3650,3646,40.72299208,-73.97995466
701,E 5 St & Cooper Sq,701,4242,4260,40.72769,-73.990993
702,E 50 St & Park Ave,702,791,790,40.757334,-73.974235
703,E 51 St & 1 Ave,703,3580,3572,40.75455731,-73.96592976
704,E 51 St & 2 Ave,704,4371,4461,40.755293,-73.967641
705,E 51 St & Lexington Ave,705,1407,1409,40.75714758,-73.97207836
706,E 53 St & Lexington Ave,706,3986,3991,40.75828065,-73.97069431
707,E 53 St & Madison Ave,707,4266,4144,40.7597108,-73.97402311
708,E 54 St & 1 Ave,708,3290,3149,40.756265,-73.964179
709,E 55 St & 2 Ave,709,2731,2746,40.75797322,-73.96603308
710,E 56 St & 3 Ave,710,4076,3975,40.75934501,-73.96759673
711,E 56 St & Madison Ave,711,2783,2795,40.761573,-73.972628
712,E 58 St & 1 Ave (NE Corner),712,2139,2128,40.75892386377695,-73.96226227283478
713,E 58 St & 1 Ave (NW Corner),713,2544,2398,40.759125,-73.962658
714,E 58 St & 3 Ave,714,5984,5993,40.76095756,-73.96724467
715,E 58 St & Madison Ave,715,2650,2605,40.76302594280519,-73.97209525108337
716,E 59 St & Madison Ave,716,3003,3014,40.76350532,-73.97109243
717,E 6 St & Avenue B,717,8606,8347,40.72453734,-73.98185424
718,E 6 St & Avenue D,718,5191,5214,40.72228087,-73.97668709
719,E 60 St & York Ave,719,1288,1282,40.759107,-73.959223
720,E 63 St & 3 Ave,720,2845,2574,40.763954,-73.9646
721,E 65 St & 2 Ave,721,2574,2591,40.76471851944339,-73.96222069859505
722,E 66 St & Madison Ave,722,1781,1773,40.76800889305947,-73.96845281124115
723,E 67 St & Park Ave,723,1627,1609,40.76780080148132,-73.96592080593109
724,E 68 St & 3 Ave,724,2298,2232,40.76712840349542,-73.96224617958069
725,E 68 St & Madison Ave,725,1678,1572,40.7691572,-73.96703464
726,E 7 St & Avenue A,726,9556,9547,40.72621788,-73.98379855
727,E 72 St & Park Ave,727,3079,3071,40.77118287540658,-73.96409422159195
728,E 72 St & York Ave,728,5167,5161,40.76663814,-73.95348296
729,E 74 St & 1 Ave,729,4807,4527,40.7689738,-73.95482273
730,E 75 St & 3 Ave,730,2406,2349,40.77112927,-73.95772297
731,E 76 St & Park Ave,731,3209,3212,40.773763,-73.96222088
732,E 77 St & 3 Ave,732,2981,2898,40.77314236,-73.95856158
733,E 78 St & 2 Ave,733,2246,2217,40.7727966,-73.95577801
734,E 8 St & Caton Ave,734,285,311,40.648055,-73.972432
735,E 81 St & 2 Ave,735,3321,3254,40.77477944895728,-73.95427465438843
736,E 81 St & 3 Ave,736,2354,2306,40.77573034,-73.9567526
737,E 81 St & Park Ave,737,1562,1490,40.77677702,-73.9590097
738,E 81 St & York Ave,738,2731,2722,40.7728384,-73.94989233
739,E 82 St & East End Ave,739,1995,1994,40.7724607,-73.9468208
740,E 84 St & 1 Ave,740,4034,3990,40.77565541,-73.95068615
741,E 84 St & Park Ave,741,2635,2628,40.77862688,-73.95772073
742,E 85 St & 3 Ave,742,5645,5602,40.77801203,-73.95407149
743,E 85 St & York Ave,743,2407,2342,40.77536905,-73.94803392
744,E 88 St & 1 Ave,744,3502,3483,40.778301,-73.9488134
745,E 88 St & Park Ave,745,2439,2321,40.781410700190015,-73.95595908164978
746,E 89 St & 3 Ave,746,2855,2806,40.7806284,-73.9521667
747,E 89 St & York Ave,747,3076,3053,40.7779453,-73.946041
748,E 9 St & 5 Ave,748,4922,4905,40.73275887045087,-73.99581670761108
749,E 9 St & Avenue C,749,4952,4837,40.72521311,-73.97768752
750,E 91 St & 2 Ave,750,3787,3729,40.78115276427916,-73.94963040947914
751,E 91 St & Park Ave,751,2672,2642,40.7835016,-73.955327
752,E 93 St & 2 Ave,752,2299,2274,40.782454175279874,-73.9489196240902
753,E 95 St & 3 Ave,753,1587,1564,40.7849032,-73.950503
754,E 97 St & 3 Ave,754,1038,972,40.7859201,-73.94860294
755,E 97 St & Madison Ave,755,2892,2821,40.787801,-73.953559
756,E 98 St & Park Ave,756,1099,1105,40.78813,-73.95206
757,E Burnside Ave & Ryer Ave,757,268,267,40.850535,-73.901318
758,E Fordham Rd & Webster Ave,758,1032,1143,40.861748,-73.89105
759,E Mosholu Pkwy & E 204 St,759,132,111,40.8740704,-73.8833650931
760,E Mosholu Pkwy & Van Cortlandt Ave E,760,264,261,40.87656,-73.88366
761,E Tremont Ave & E 176 St,761,396,396,40.847798,-73.901883
762,E Tremont Ave & Jerome Ave,762,218,208,40.851747,-73.908964
763,East End Ave & E 86 St,763,1622,1608,40.77518615,-73.94446054
764,Eastern Pkwy & Franklin Ave,764,2857,2677,40.6707767,-73.9576801
765,Eastern Pkwy & Washington Ave,765,1820,1672,40.6716493,-73.9631145
766,Edgecombe Ave & W 141 St,766,1357,1366,40.820681,-73.945144
767,Edgecombe Ave & W 145 St,767,1036,964,40.823498,-73.94386
768,Edgecombe Ave & W 150 St,768,199,193,40.826881,-73.941427
769,Edgecombe Ave & W 167 St,769,296,213,40.838191,-73.936085
770,Eldert St & Bushwick Ave,770,427,407,40.68652,-73.91321
771,Emerson Pl & Myrtle Ave,771,3388,3325,40.69363137,-73.96223558
772,Engert Ave & McGuinness Blvd,772,908,908,40.72158,-73.94546
773,Essex Light Rail,773,0,2,40.7127742,-74.0364857
774,Evergreen Ave & Noll St,774,1151,1074,40.70106,-73.93318
775,FDR Drive & E 35 St,775,7166,6861,40.744219,-73.97121214
776,Faile St & Garrison Ave,776,113,117,40.820578,-73.888271
777,Fairview Ave & Linden St,777,360,347,40.70694,-73.90632
778,Featherbed Ln & Jerome Ave,778,128,126,40.845505,-73.914311
779,Featherbed Ln & Nelson Ave,779,430,429,40.846011,-73.919637
780,Flatbush Ave & Eastern Pkwy,780,112,111,40.668757,-73.966438
781,Flatbush Ave & Ocean Ave,781,660,688,40.663657,-73.963014
782,Flushing Ave & Vanderbilt Ave,782,2514,2546,40.69795031569544,-73.97077560424805
783,Flushing Ave & Woodward Ave,783,641,636,40.71246,-73.91873
784,Folin St & E 181 St,784,184,183,40.853929,-73.898385
785,Forest Ave & Summerfield St,785,704,709,40.69922,-73.89795
786,Forsyth St	& Grand St,786,32,27,40.717798,-73.993161
787,Forsyth St & Broome St,787,4892,5093,40.71893904,-73.99266288
788,Forsyth St & Canal St,788,4814,4841,40.7158155,-73.99422366
789,Forsyth St\t& Grand St,789,6136,6136,40.71779817737835,-73.99316132068634
790,Fort Washington Ave & W 173 St,790,504,503,40.84522,-73.940493
791,Fort Washington Ave & W 183 St,791,419,424,40.852252,-73.937854
792,Franklin Ave & E 169 St,792,255,254,40.83171,-73.90208
793,Franklin Ave & Myrtle Ave,793,972,995,40.694546087246025,-73.95801365375519
794,Franklin Ave & St Marks Ave,794,2059,2001,40.6758324,-73.9561677
795,Franklin St & Dupont St,795,3633,3739,40.73564,-73.95866
796,Franklin St & W Broadway,796,3992,4034,40.71911552,-74.00666661
797,Frederick Douglass Blvd & Harlem River Dr,797,260,255,40.830702,-73.936371
798,Frederick Douglass Blvd & W 112 St,798,4687,4733,40.801694,-73.957145
799,Frederick Douglass Blvd & W 115 St,799,2762,2757,40.8038654,-73.9559308
800,Frederick Douglass Blvd & W 117 St,800,4285,4427,40.805159,-73.954692
801,Frederick Douglass Blvd & W 129 St,801,943,946,40.8125511,-73.9492286
802,Frederick Douglass Blvd & W 139 St,802,710,697,40.81900581806558,-73.94476890563965
803,Frederick Douglass Blvd & W 145 St,803,949,940,40.823061,-73.941928
804,Freeman St & Reverend James A Polite Ave,804,142,143,40.830529,-73.894717
805,Freeman St & Southern Blvd,805,255,254,40.830051,-73.892103
806,Front St & Gold St,806,1294,1334,40.70224,-73.982578
807,Front St & Jay St,807,2221,2203,40.702461,-73.986842
808,Front St & Washington St,808,3741,3897,40.70255088,-73.98940236
809,Frost St & Debevoise Ave,809,463,460,40.71882,-73.93948
810,Frost St & Meeker Ave,810,1352,1339,40.71766197083994,-73.94880026578903
811,Ft. Hamilton Pkwy & E 2 St,811,430,458,40.648005,-73.979342
812,Ft. Hamilton Pkwy & E 5 St,812,470,484,40.649037,-73.97673
813,Ft. Washington Ave & W 190 St,813,247,238,40.856906,-73.935662
814,Fulton Ave & E 168 St,814,122,119,40.830471,-73.904556
815,Fulton Ave & E 172 St,815,167,173,40.839229,-73.899047
816,Fulton Ave & St. Paul's Pl,816,266,251,40.83545,-73.90153
817,Fulton St & Adams St,817,4065,4066,40.69241829257847,-73.98949474096298
818,Fulton St & Broadway,818,4938,4938,40.711066,-74.009447
819,Fulton St & Clermont Ave,819,966,869,40.68415748,-73.96922273
820,Fulton St & Irving Pl,820,1862,1791,40.68186,-73.959432
821,Fulton St & Pearl St,821,5615,5887,40.70772198491691,-74.00438636541367
822,Fulton St & Utica Ave,822,1894,1914,40.6794268,-73.9298911
823,Fulton St & Waverly Ave,823,2994,2951,40.68323865460341,-73.96599590778351
824,Fulton St & William St,824,3911,3873,40.70960089363537,-74.00655090808868
825,Gansevoort St & Hudson St,825,5008,5105,40.73944820130404,-74.00507032871246
826,Garfield Pl & 8 Ave,826,1833,1803,40.6711978,-73.97484126
827,Garrison Ave & Manida St,827,83,85,40.818743,-73.890247
828,George St & Wilson Ave,828,893,886,40.702997,-73.92997
829,Gerard Ave & E 146 St,829,322,315,40.817755,-73.92965
830,Gerard Ave & E 164 St,830,182,190,40.830262,-73.923391
831,Gerard Ave & E 165 St,831,179,171,40.83173,-73.922394
832,Gerard Ave & McClellan St,832,184,179,40.833909,-73.92112
833,Goble Pl & Macombs Rd,833,241,247,40.844075,-73.917256
834,Goulden Ave & Bedford Park Blvd W,834,73,72,40.87387,-73.89533
835,Goulden Ave & W 197 St,835,276,281,40.87156,-73.89714
836,Goulden Ave & W 205 St,836,180,137,40.87812,-73.89192
837,Graham Ave & Conselyea St,837,4013,4008,40.715143,-73.944507
838,Graham Ave & Grand St,838,3022,3027,40.711863,-73.944024
839,Graham Ave & Herbert St,839,813,803,40.71929301,-73.94500379
840,Graham Ave & Withers St,840,1769,1762,40.7169811,-73.94485918
841,Grand Army Plaza & Central Park S,841,7937,8016,40.7643971,-73.97371465
842,Grand Army Plaza & Plaza St West,842,4050,3970,40.6729679,-73.97087984
843,Grand Ave & Bergen St,843,1925,1895,40.678045,-73.962408
844,Grand Ave & W 181 St,844,37,39,40.856302,-73.907302
845,Grand Ave & W Fordham Rd,845,226,226,40.86288,-73.90316
846,Grand Concourse & E 144 St,846,403,398,40.81687039466032,-73.92798498272896
847,Grand Concourse & E 156 St,847,222,210,40.823429,-73.924689
848,Grand Concourse & E 161 St,848,854,824,40.82713380423556,-73.9227358996868
849,Grand Concourse & E 164 St,849,350,342,40.829608,-73.921461
850,Grand Concourse & E 166 St,850,383,349,40.83196,-73.91956
851,Grand Concourse & E 167 St,851,466,463,40.834263,-73.917641
852,Grand Concourse & E 171 St,852,218,205,40.839549,-73.913004
853,Grand Concourse & E 175 St,853,143,142,40.846221,-73.909232
854,Grand Concourse & E 192 St,854,260,243,40.86448,-73.89522
855,Grand Concourse & E 196 St,855,224,229,40.86767,-73.89286
856,Grand Concourse & E 197 St,856,218,212,40.86945,-73.89148
857,Grand Concourse & E 199 St,857,234,228,40.87142,-73.88839
858,Grand Concourse & E 203 St,858,137,101,40.87382,-73.88661
859,Grand Concourse & E 205 St,859,146,146,40.875531,-73.8863864831
860,Grand Concourse & E Mosholu Pkwy S,860,114,113,40.877964,-73.8847550291
861,Grand Concourse & East Mount Eden Ave,861,338,343,40.84301,-73.91172
862,Grand St,862,0,2,40.71517767732029,-74.03768330812454
863,Grand St & 14 St,863,0,5,40.75409,-74.0316
864,Grand St & Elizabeth St,864,10615,10808,40.718822,-73.99596
865,Grand St & Greene St,865,4536,4531,40.72170005235607,-74.00238141417502
866,Grand St & Havemeyer St,866,3762,3821,40.71286844,-73.95698119
867,Grand St & Samuel Dickstein Plaza,867,2742,2725,40.71511871996496,-73.98417055606842
868,Grant Ave & E 169 St,868,193,182,40.83579,-73.913741
869,Great Jones St,869,7434,7454,40.72743423,-73.99379025
870,Green St & McGuinness Blvd,870,530,521,40.73396,-73.95204
871,Greene Av & Myrtle Av,871,900,885,40.698568,-73.918877
872,Greene Ave & Grandview Ave,872,455,392,40.709697,-73.907856
873,Greene Ave & Nostrand Ave,873,1850,1816,40.6883337,-73.950916
874,Greene Ave & Throop Ave,874,1831,1833,40.6894932,-73.942061
875,Greenpoint Ave & Manhattan Ave,875,2840,2858,40.73026,-73.95394
876,Greenwich Ave & 8 Ave,876,10199,10284,40.7390169121,-74.0026376103
877,Greenwich Ave & Charles St,877,5891,5902,40.735238,-74.000271
878,Greenwich St & Hubert St,878,3285,3751,40.721319,-74.010065
879,Greenwich St & Perry St,879,3202,3114,40.73498,-74.00697
880,Greenwich St & W Houston St,880,5532,5617,40.728846,-74.008591
881,Greenwood Ave & E 4 St,881,258,268,40.650739,-73.977739
882,Grove St & Broadway,882,1699,1707,40.69047,-73.923511
883,Halsey St & Broadway,883,998,1009,40.68565,-73.91564
884,Halsey St & Evergreen Ave,884,354,336,40.68858,-73.91227
885,Halsey St & Tompkins Ave,885,1838,1835,40.6823687,-73.944118
886,Hamilton Pl & W 138 St,886,499,485,40.821728,-73.952761
887,Hamilton Pl & W 140 St,887,373,376,40.822756,-73.951346
888,Hancock St & Bedford Ave,888,1651,1662,40.68216564,-73.95399026
889,Hancock St & Wyckoff Ave,889,403,400,40.6972,-73.90674
890,Hanson Pl & Ashland Pl,890,5242,5240,40.68506807308177,-73.97790759801863
891,Harborside,891,0,4,40.7192517,-74.034234
892,Harlem River Dr & W 155 St,892,321,323,40.830476,-73.939929
893,Harman St & Seneca Ave,893,535,460,40.70577,-73.91292
894,Harrison Pl & Porter Ave,894,501,493,40.70686,-73.92851
895,Harrison St & Hudson St,895,2191,2246,40.71870987,-74.0090009
896,Hart St & Wyckoff Ave,896,501,500,40.704876,-73.919911
897,Hazen St & 20 Ave,897,236,226,40.772092,-73.895166
898,Heights Elevator,898,0,1,40.74871594538023,-74.04044330120087
899,Henry St & Atlantic Ave,899,2604,2595,40.69089272,-73.99612349
900,Henry St & Bay St,900,220,243,40.6725058,-74.00494695
901,Henry St & Degraw St,901,1591,1586,40.6847514,-73.99917254
902,Henry St & Grand St,902,5195,5112,40.714211,-73.981095
903,Henry St & Middagh St,903,1618,1646,40.7003,-73.991581
904,Henry St & Remsen St,904,1316,1329,40.69400964865994,-73.99465128779411
905,Henry St & W 9 St,905,296,378,40.6763744,-74.00324957
906,Hicks St & Montague St,906,2662,2671,40.69512845,-73.99595065
907,Hoboken Terminal - River St & Hudson Pl,907,0,1,40.7360676564825,-74.02912706136703
908,Hoe Ave & Jennings St,908,128,128,40.832171,-73.889686
909,Home St & Westchester Ave,909,322,330,40.827629,-73.886659
910,Hope St & Union Ave,910,3914,3929,40.71167351,-73.95141312
911,Howard St & Centre St,911,3306,3331,40.71910537,-73.99973337
912,Howard St & Lafayette St,912,3159,3153,40.71910537,-73.99973337
913,Hoyt St & Warren St,913,436,441,40.6843549,-73.98901629
914,Hudson St & Reade St,914,4670,4714,40.71625008,-74.0091059
915,Hudson St & W 13 St,915,6000,6018,40.74005708567285,-74.0052741765976
916,Humboldt St & Varet St,916,809,821,40.7031724,-73.940636
917,Hunts Point Ave & Bryant Ave,917,175,173,40.813991,-73.8855
918,Huron St & Franklin St,918,3258,3277,40.73266,-73.95826
919,Icahn Stadium,919,905,966,40.79346,-73.92389
920,India St & Manhattan Ave,920,2945,3007,40.73232194,-73.9550858
921,India St Pier,921,1945,1943,40.731734785883454,-73.9612390102593
922,Intervale Ave & Kelly St,922,111,112,40.827301,-73.896372
923,Intervale Ave & Westchester Ave,923,321,318,40.821967,-73.896752
924,Inwood Ave & W 170 St,924,153,149,40.840536,-73.919228
925,Irving Ave & DeKalb Ave,925,1079,1085,40.7027,-73.92095
926,Irving Ave & Halsey St,926,562,556,40.69467,-73.90663
927,Irving Ave & Harman St,927,1040,1021,40.70108,-73.9179
928,Irving Ave & Jefferson St,928,1368,1379,40.70538,-73.92535
929,Irving Ave & Palmetto St,929,651,658,40.698,-73.9127
930,Isham St & Broadway,930,572,592,40.86788,-73.919685
931,JC Medical Center,931,0,4,40.71653978099194,-74.0496379137039
932,Jackson Ave & 46 Rd,932,2212,2222,40.74524768,-73.94733276
933,Jackson St & Leonard St,933,951,956,40.71638031973561,-73.94821286201477
934,Jay St & Tech Pl,934,3102,3129,40.695065,-73.987167
935,Jay St & York St,935,2281,2293,40.70140317257725,-73.98672670125961
936,Jefferson Ave & Evergreen Ave,936,581,577,40.68989,-73.91458
937,Jefferson St & Cypress Ave,937,1019,1050,40.70907,-73.92157
938,Jerome Ave & Anderson Ave,938,236,227,40.830179,-73.928747
939,Jerome Ave & Bedford Park Blvd E,939,293,291,40.87307,-73.88971
940,Jerome Ave & E 164 St,940,222,222,40.831444,-73.926226
941,Jerome Ave & E 181 St,941,242,242,40.855653,-73.905528
942,Jerome Ave & E 198 St,942,115,103,40.87144520687118,-73.89289632439613
943,Jerome Ave & E Mosholu Parkway S,943,498,492,40.87935,-73.88534
944,Jerome Ave & Ogden Ave,944,262,269,40.829797,-73.931015
945,Jerome Ave & W 177 St,945,169,173,40.850121,-73.910765
946,Jerome Ave & W 184 St,946,126,128,40.860814,-73.902541
947,Jerome Ave & W 193 St,947,312,311,40.86659,-73.89794
948,Jerome Ave & W 195 St,948,286,293,40.86874,-73.89657
949,Jerome Ave & W Fordham Rd,949,314,315,40.86294,-73.90108
950,John St & William St,950,2687,2666,40.70862144,-74.00722156
951,Johnson St & Gold St,951,1981,2020,40.69474881,-73.98362464
952,Kane St & Clinton St,952,1527,1535,40.6861758,-73.99645295
953,Kent Ave & N 7 St,953,7347,7479,40.72036775298455,-73.96165072917938
954,Kent Ave & S 11 St,954,3206,3218,40.707644944175705,-73.96841526031494
955,Kent St & McGuinness Blvd,955,627,630,40.73124,-73.95161
956,King St & Varick St,956,4042,4124,40.72789701409023,-74.00536268949507
957,Kingsland Ave & Nassau Ave,957,2184,2196,40.72577,-73.94173
958,Kingston Ave & Herkimer St,958,2032,2048,40.67890679,-73.94142771
959,Knickerbocker Ave & Cooper St,959,510,495,40.69081,-73.90448
960,Knickerbocker Ave & George St,960,1239,1291,40.704425,-73.92836
961,Knickerbocker Ave & Halsey St,961,523,498,40.693,-73.90824
962,Knickerbocker Ave & Hancock St,962,653,575,40.69385,-73.90974
963,Knickerbocker Ave & Thames St,963,1152,1160,40.70539,-73.92976
964,Kosciuszko St & Nostrand Ave,964,1416,1430,40.69072549,-73.95133465
965,Kosciuszko St & Tompkins Ave,965,1728,1732,40.69128258,-73.9452416
966,LaGuardia Pl & W 3 St,966,7049,7155,40.72917025,-73.99810231
967,Lafayette Ave & Classon Ave,967,2286,2303,40.68900443,-73.96023854
968,Lafayette Ave & Fort Greene Pl,968,2908,2904,40.68691865,-73.976682
969,Lafayette Ave & Hunts Point Ave,969,224,213,40.816567,-73.888161
970,Lafayette Ave & St James Pl,970,2619,2442,40.68851534,-73.9647628
971,Lafayette St & E 8 St,971,10377,9916,40.73020660529954,-73.99102628231049
972,Lafayette St & Jersey St,972,7737,7803,40.72456089,-73.99565293
973,Laight St & Hudson St,973,1657,1673,40.72185379,-74.00771779
974,Lawrence St & Willoughby St,974,3312,3249,40.69236178,-73.98631746
975,Lefferts Pl & Franklin Ave,975,1597,1598,40.680342423,-73.9557689392
976,Lenox Ave & W 111 St,976,3511,3487,40.7987859,-73.9523
977,Lenox Ave & W 115 St,977,1741,1771,40.8011939,-73.9500739
978,Lenox Ave & W 117 St,978,2791,2779,40.8025566,-73.9490782
979,Lenox Ave & W 126 St,979,3591,3585,40.808442,-73.9452087
980,Lenox Ave & W 130 St,980,1533,1505,40.8107922,-73.9430681
981,Lenox Ave & W 133 St,981,1271,1261,40.81296,-73.941878
982,Lenox Ave & W 140 St,982,1123,1114,40.817245,-73.938787
983,Lenox Ave & W 144 St,983,550,529,40.819783,-73.936521
984,Lenox Ave & W 146 St,984,500,495,40.821111,-73.935971
985,Leonard St & Boerum St,985,1110,1110,40.70583339,-73.94644578
986,Leonard St & Church St,986,4379,4399,40.717571,-74.005549
987,Leonard St & Maujer St,987,2233,2234,40.7103685423523,-73.94705951213837
988,Leonard St & Nassau Ave,988,2699,2752,40.7239567849954,-73.94984364509583
989,Lewis Ave & Decatur St,989,1383,1383,40.6814598,-73.934903
990,Lewis Ave & Kosciuszko St,990,1592,1558,40.69237074,-73.93705428
991,Lewis Ave & Madison St,991,2402,2384,40.686312,-73.935775
992,Lexington Ave & Classon Ave,992,2241,2222,40.68676793,-73.95928168
993,Lexington Ave & E 111 St,993,1838,1826,40.7954121,-73.9441232
994,Lexington Ave & E 120 St,994,1029,1019,40.8013066,-73.9398167
995,Lexington Ave & E 127 St,995,601,554,40.805726,-73.936322
996,Lexington Ave & E 128 St,996,449,440,40.806414,-73.936085
997,Lexington Ave & E 24 St,997,7356,7330,40.74025878,-73.98409214
998,Lexington Ave & E 26 St,998,5679,5267,40.741459,-73.983293
999,Lexington Ave & E 29 St,999,4392,4267,40.74311555376486,-73.98215353488922
1000,Lexington Ave & E 36 St,1000,5142,5067,40.7475739589548,-73.9788007736206
1001,Liberty Light Rail,1001,0,1,40.7112423,-74.0557013
1002,Liberty St & Nassau St,1002,3222,3229,40.70858894240581,-74.00935482235809
1003,Lincoln Ave & E 134 St,1003,328,320,40.808484,-73.928803
1004,Lincoln Ave & E 138 St,1004,759,774,40.810893,-73.927311
1005,Lincoln Pl & Classon Ave,1005,1086,1023,40.6721683,-73.9609
1006,Linden St & Knickerbocker Ave,1006,513,525,40.69714,-73.91566
1007,Lispenard St & Broadway,1007,4956,5109,40.71939226,-74.00247214
1008,Little West St & 1 Pl,1008,6440,6495,40.70569254,-74.01677685
1009,Longfellow Ave & E 165 St,1009,62,65,40.825322,-73.887729
1010,Longwood Ave & Southern Blvd,1010,298,300,40.816343,-73.896447
1011,Lorimer St & Broadway,1011,616,622,40.70411791,-73.94818595
1012,Lorimer St & Calyer St,1012,1676,1688,40.72795,-73.95414
1013,Loring Pl North & W 183 St,1013,238,236,40.8604244,-73.9093359997
1014,Louis Nine Blvd & Intervale Ave,1014,200,187,40.831998,-73.892686
1015,MacDougal St & Prince St,1015,6689,6900,40.72710258,-74.00297088
1016,MacDougal St & Washington Sq,1016,5429,5464,40.73226398,-73.99852205
1017,Macombs Pl & W 152 St,1017,469,465,40.826406,-73.937948
1018,Macombs Rd & Featherbed Ln,1018,132,133,40.84552,-73.91722
1019,Macombs Rd & W 175 St,1019,46,47,40.848177,-73.916082
1020,Macon St & Nostrand Ave,1020,2069,2056,40.6809833854,-73.9500479759
1021,Madison Av & E 51 St,1021,2954,2938,40.75863,-73.97513
1022,Madison Ave & E 120 St,1022,1107,1073,40.80295,-73.942954
1023,Madison Ave & E 26 St,1023,4249,4202,40.742684734875695,-73.98671329021454
1024,Madison Ave & E 82 St,1024,3815,3790,40.7781314,-73.96069399
1025,Madison Ave & E 99 St,1025,2047,2057,40.78948541553215,-73.95242929458618
1026,Madison St & 1 St,1026,0,1,40.73879,-74.0393
1027,Madison St & Clinton St,1027,1552,1584,40.71269042,-73.98776323
1028,Madison St & Cypress Ave,1028,449,447,40.70068,-73.90742
1029,Madison St & Evergreen Ave,1029,525,514,40.69122,-73.91693
1030,Madison St & Forest Ave,1030,633,525,40.70555,-73.90245
1031,Madison St & Montgomery St,1031,2313,2308,40.713126,-73.984844
1032,Madison St & Seneca Ave,1032,391,374,40.70183,-73.90625
1033,Madison St & Woodward Ave,1033,593,578,40.70408,-73.90408
1034,Maiden Ln & Pearl St,1034,3391,3385,40.70706456,-74.00731853
1035,Mama Johnson Field - 4 St & Jackson St,1035,0,1,40.74313993965626,-74.04004096984863
1036,Manhattan Av & Leonard St,1036,1033,1048,40.72084,-73.94844
1037,Manila & 1st,1037,0,1,40.72165072487999,-74.04288411140442
1038,Marcus Garvey Blvd & Macon St,1038,1367,1361,40.682601,-73.938037
1039,Marcy Ave & Lafayette Ave,1039,1739,1728,40.6900815,-73.947915
1040,Margaret Corbin Plz & Ft Washington Ave,1040,250,207,40.859166,-73.933872
1041,Marin Light Rail,1041,0,2,40.71458403535893,-74.04281705617905
1042,Marion Ave & Mosholu Pkwy,1042,342,341,40.8704956,-73.8818756582
1043,Market St & Cherry St,1043,2580,2771,40.71076228,-73.99400398
1044,Market St & Henry St,1044,3189,3165,40.71310702305908,-73.99446353316307
1045,McDonald Ave & Vanderbilt St,1045,162,236,40.651654,-73.981231
1046,McGinley Square,1046,0,1,40.7253399253558,-74.06762212514877
1047,McGuinness Blvd & Eagle St,1047,2874,2925,40.73555,-73.95284
1048,McKibbin St & Bogart St,1048,1694,1890,40.706237,-73.933871
1049,McKibbin St & Manhattan Ave,1049,1315,1302,40.70510918,-73.94407279
1050,Melrose Ave & E 150 St,1050,1117,1113,40.816827,-73.917338
1051,Melrose Ave & E 154 St,1051,281,295,40.819609,-73.916071
1052,Melrose St & Broadway,1052,1564,1554,40.697481,-73.935877
1053,Menahan St & Central Ave,1053,655,643,40.69543,-73.9196
1054,Menahan St & Onderdonk Ave,1054,504,365,40.70553,-73.9096
1055,Menahan St & Seneca Ave,1055,314,310,40.70461,-73.91054
1056,Menahan St & Wyckoff Ave,1056,460,459,40.70113,-73.91422
1057,Mercer St & Bleecker St,1057,5778,6119,40.72706363348306,-73.99662137031554
1058,Mercer St & Spring St,1058,5633,5793,40.72362738,-73.99949601
1059,Meserole Ave & Manhattan Ave,1059,2926,3050,40.72708584,-73.95299117
1060,Metropolitan Ave & Bedford Ave,1060,6927,6955,40.71534825,-73.96024116
1061,Metropolitan Ave & Meeker Ave,1061,2999,3056,40.71413311,-73.95234386
1062,Metropolitan Ave & Stewart Ave,1062,498,506,40.71401,-73.92793
1063,Metropolitan Ave & Vandervoort Ave,1063,243,212,40.71429,-73.93323
1064,Milton St & Franklin St,1064,4654,4811,40.72906,-73.95779
1065,Moffat St & Bushwick,1065,320,313,40.68458,-73.90925
1066,Monroe St & Bedford Ave,1066,2406,2401,40.6851443,-73.95380904
1067,Monroe St & Classon Ave,1067,1279,1246,40.6845683,-73.95881081
1068,Monroe St & Tompkins Ave,1068,2092,2095,40.686203,-73.944694
1069,Montague St & Clinton St,1069,2694,2707,40.6942715,-73.9923272
1070,Montgomery St & Franklin Ave,1070,554,560,40.666439306870814,-73.9605563879013
1071,Montrose Ave & Bushwick Ave,1071,2645,2678,40.70767788,-73.94016171
1072,Morgan Ave & Lombardy St,1072,1062,1064,40.72226,-73.93889
1073,Morgan Ave & Maspeth Ave,1073,707,718,40.716657,-73.93637
1074,Morningside Ave & W 123 St,1074,1747,1737,40.81,-73.9551508
1075,Morningside Dr & Amsterdam Ave,1075,873,836,40.81028506306003,-73.95736455917358
1076,Morris Ave & E 142 St,1076,319,331,40.814469,-73.924963
1077,Morris Ave & E 153 St,1077,198,199,40.820036,-73.921411
1078,Morris Ave & E 163 St,1078,483,476,40.827230499624726,-73.91765579597632
1079,Morris Ave & E 171 St,1079,57,59,40.83899,-73.9109
1080,Morris Ave & E 184 St,1080,136,136,40.86008,-73.90079
1081,Morris Ave & E Burnside Ave,1081,181,186,40.85322,-73.90546
1082,Morris Ave & McClellan St,1082,395,387,40.831584,-73.9149
1083,Morris Canal,1083,0,2,40.7124188237569,-74.03852552175522
1084,Morton St & Washington St,1084,3995,3994,40.73115,-74.00887
1085,Motorgate,1085,2092,2155,40.7639089,-73.9477213
1086,Mott St & Prince St,1086,8009,7991,40.72317958,-73.99480012
1087,Mount Eden Pkwy & Eastburn Ave,1087,136,142,40.842675,-73.908544
1088,Mt Morris Park W & W 120 St,1088,1584,1580,40.804038,-73.945925
1089,Murray St & Greenwich St,1089,5443,5538,40.71485150526252,-74.01122331619263
1090,Murray St & West St,1090,5265,5447,40.7149787,-74.013012
1091,Myrtle Ave & Fleet Pl,1091,2204,2280,40.693534,-73.981909
1092,Myrtle Ave & Grove St,1092,354,342,40.69905,-73.91516
1093,Myrtle Ave & Lewis Ave,1093,1129,1080,40.69681963,-73.93756926
1094,Myrtle Ave & Linden St,1094,372,356,40.69943,-73.91337
1095,Myrtle Ave & Marcy Ave,1095,1259,1247,40.69539817,-73.94954908
1096,Myrtle Ave & St Edwards St,1096,1187,1213,40.69327018,-73.97703874
1097,N 11 St & Kent Ave,1097,2346,2342,40.72248188638219,-73.95921930670738
1098,N 12 St & Bedford Ave,1098,4023,4031,40.72079821,-73.95484712
1099,N 15 St & Wythe Ave,1099,1836,1913,40.724055,-73.955736
1100,N 6 St & Bedford Ave,1100,6723,6714,40.71745169,-73.95850939
1101,NYCBS DEPOT - DELANCEY,1101,0,4,40.71644423134479,-73.9823305606842
1102,Nagle Ave & Ellwood St,1102,362,365,40.86012,-73.928489
1103,Nagle Ave & Thayer St,1103,555,565,40.861382,-73.925591
1104,Nassau Ave & Newell St,1104,2205,2315,40.724812564400175,-73.94752621650696
1105,Nassau Ave & Russell St,1105,2871,2849,40.72557,-73.94434
1106,Nassau St	& Duffield St,1106,12,15,40.698477,-73.98384
1107,Nassau St & Navy St,1107,1513,1745,40.69839895,-73.98068914
1108,Nassau St\t& Duffield St,1108,864,926,40.698477,-73.98384
1109,Nelson Ave & 167 St,1109,152,150,40.83670566862804,-73.92608866095543
1110,Nelson Ave & W 172 St,1110,1,4,40.843965,-73.920999
1111,Newport Pkwy,1111,0,1,40.7287448,-74.0321082
1112,Newton Rd & 44 St,1112,422,417,40.7595701,-73.9142678
1113,Newtown Ave & 23 St,1113,1275,1254,40.7713615,-73.9246145
1114,Norfolk St & Broome St,1114,7948,8065,40.7172274,-73.98802084
1115,Norman St & Wyckoff Ave,1115,778,775,40.69517,-73.90311
1116,North Moore St & Greenwich St,1116,7727,7416,40.72019521437465,-74.0103006362915
1117,Nostrand Ave & Myrtle Ave,1117,1096,1122,40.69527008,-73.95238108
1118,Ocean Pkwy & Church Ave,1118,639,659,40.64471895763575,-73.97451460361481
1119,Ogden Ave & Merriam Ave,1119,89,87,40.839142,-73.925961
1120,Ogden Ave & W 164 St,1120,182,185,40.832812,-73.929372
1121,Ogden Ave & W 165 St,1121,285,280,40.834457,-73.928381
1122,Old Broadway & W 133 St,1122,215,211,40.818212,-73.955277
1123,Old Fulton St,1123,2770,2787,40.70277159,-73.99383605
1124,Old Slip & South St,1124,2978,3308,40.70336686695866,-74.007867872715
1125,Onderdonk Ave & Dekalb Ave,1125,399,355,40.70863,-73.91497
1126,Onderdonk Ave & Gates Ave,1126,341,334,40.70413,-73.90737
1127,Pacific St & Classon Ave,1127,858,862,40.6791944,-73.9587903
1128,Pacific St & Nevins St,1128,1689,1704,40.6853761,-73.98302136
1129,Parade Pl & Crooke Ave,1129,2211,2240,40.651847,-73.965248
1130,Park Ave & E 124 St,1130,3094,3082,40.8045555,-73.9396861
1131,Park Ave & E 162 St,1131,307,304,40.825716,-73.915585
1132,Park Ave & Marcus Garvey Blvd,1132,929,929,40.698617,-73.941342
1133,Park Ave & St Edwards St,1133,758,785,40.69608941,-73.97803415
1134,Park Cir & East Dr,1134,1431,1434,40.651566,-73.972212
1135,Park Pl & Church St,1135,2446,2476,40.71334184275907,-74.00935515761375
1136,Park Pl & Franklin Ave,1136,1739,1737,40.6741806,-73.9564947
1137,Paul Ave & Mosholu Pkwy,1137,163,150,40.8802945,-73.8860653648
1138,Paul Ave & W 205 St,1138,170,157,40.87704,-73.88943
1139,Paulus Hook,1139,0,10,40.7141454,-74.0335519
1140,Pearl St & Hanover Square,1140,3805,3843,40.7047177,-74.00926027
1141,Pearl St & Peck Slip,1141,2600,2809,40.708485,-74.002751
1142,Perry St & Bleecker St,1142,6121,6194,40.73535398,-74.00483091
1143,Perry St & Greenwich Ave,1143,3979,4031,40.735918,-74.000939
1144,Pershing Square North,1144,8221,8197,40.751873,-73.977706
1145,Pershing Square South,1145,3411,2858,40.751581,-73.97791
1146,Picnic Point,1146,1385,1390,40.68512559515415,-74.02535319328308
1147,Pier 40 - Hudson River Park,1147,10908,10970,40.7277140777778,-74.01129573583603
1148,Pier 40 Dock Station,1148,0,54,40.72865963236461,-74.0119797096122
1149,Pier 40 X2,1149,0,1,40.728486861173785,-74.01169271324761
1150,Pierrepont St & Monroe Pl,1150,1598,1591,40.69535693320225,-73.99344027042389
1151,Pike St & E Broadway,1151,3342,3346,40.71406667,-73.99293911
1152,Pike St & Monroe St,1152,4038,4034,40.71173107,-73.99193043
1153,Pinehurst Ave & W 187 St,1153,445,389,40.855331,-73.937878
1154,Pioneer St & Richards St,1154,243,260,40.6777748,-74.0094613
1155,Pioneer St & Van Brunt St,1155,1128,1148,40.679043,-74.011169
1156,Pitt St & Stanton St,1156,1258,1271,40.71926081,-73.98178024
1157,Plaza Dr & W 170 St,1157,602,611,40.840484,-73.917946
1158,Plaza St East & Flatbush Ave,1158,3924,3547,40.673134,-73.969106
1159,Plaza St West & Flatbush Ave,1159,1061,1076,40.6750207,-73.97111473
1160,Pleasant Ave & E 120 St,1160,1814,1860,40.7974772,-73.9311847
1161,Powers St & Olive St,1161,1007,1018,40.71323,-73.93894
1162,President St & 4 Ave,1162,1600,1603,40.676757,-73.983262
1163,President St & Henry St,1163,1289,1287,40.6828003,-73.99990419
1164,Prospect Ave & E 151 St,1164,241,235,40.814232,-73.903927
1165,Prospect Ave & E 167 St,1165,289,273,40.826303,-73.898751
1166,Prospect Ave & Jennings St,1166,101,99,40.831762,-73.896853
1167,Prospect Ave & Longwood Ave,1167,124,118,40.81899,-73.90202
1168,Prospect Ave & Vanderbilt St,1168,310,305,40.653368,-73.976291
1169,Prospect Park SW & 10 Ave,1169,978,796,40.659945,-73.977504
1170,Prospect Park SW & 16 St,1170,823,814,40.657265,-73.974165
1171,Prospect Park SW & Greenwood Ave,1171,720,818,40.652563,-73.972573
1172,Prospect Park SW & Vanderbilt St,1172,917,932,40.65482,-73.973217
1173,Prospect Park W & 20 St,1173,534,400,40.656633,-73.983864
1174,Prospect Park West & 8 St,1174,2778,2694,40.66514681533792,-73.97637605667114
1175,Prospect Pl & 6 Ave,1175,1884,1903,40.6793307,-73.97519523
1176,Prospect Pl & Underhill Ave,1176,1467,1453,40.6769694,-73.96579
1177,Prospect Pl & Vanderbilt Ave,1177,2517,2492,40.67767534269111,-73.96902143955231
1178,Pulaski St & Marcus Garvey Blvd,1178,1112,1069,40.6933982,-73.939877
1179,Putnam Ave & Knickerbocker Ave,1179,514,481,40.69545,-73.91164
1180,Putnam Ave & Nostrand Ave,1180,956,956,40.68402,-73.94977
1181,Putnam Ave & Throop Ave,1181,1458,1410,40.6851532,-73.94111
1182,Putnam Ave & Wyckoff Ave,1182,457,462,40.69811,-73.90904
1183,Queens Plaza North & Crescent St,1183,5372,5393,40.75110165,-73.94073717
1184,Railroad Ave & Kay Ave,1184,151,162,40.70531194,-73.97100056
1185,Reade St & Broadway,1185,2721,2736,40.71450451,-74.00562789
1186,Richards St & Delavan St,1186,422,453,40.6794327,-74.00785041
1187,Richardson St & N Henry St,1187,1367,1339,40.71907891179564,-73.94223690032959
1188,River Ave & E 151 St,1188,929,950,40.822217,-73.928939
1189,River Ave & E 153 St,1189,513,501,40.82441,-73.92818
1190,River Ave & McClellan St,1190,317,307,40.83406,-73.92243
1191,Riverside Blvd & W 67 St,1191,6399,6168,40.777507027547976,-73.98888587951659
1192,Riverside Dr & W 104 St,1192,3151,2990,40.8013434,-73.9711457439
1193,Riverside Dr & W 138 St,1193,1021,978,40.823168,-73.955857
1194,Riverside Dr & W 145 St,1194,867,746,40.827305,-73.951989
1195,Riverside Dr & W 148 St,1195,539,516,40.829114,-73.950426
1196,Riverside Dr & W 153 St,1196,863,844,40.832164,-73.949702
1197,Riverside Dr & W 72 St,1197,4884,4744,40.78057799010334,-73.98562431335449
1198,Riverside Dr & W 78 St,1198,3938,3377,40.78414472,-73.98362492
1199,Riverside Dr & W 82 St,1199,3687,3442,40.78720869,-73.98128127
1200,Riverside Dr & W 91 St,1200,3230,2725,40.79313480986663,-73.97700369358063
1201,Riverview Park,1201,0,1,40.7443187,-74.0439909
1202,Rivington St & Chrystie St,1202,4856,5139,40.72110063,-73.9919254
1203,Rivington St & Ridge St,1203,5112,5042,40.71850211,-73.98329859
1204,Rockaway Ave & Bainbridge St,1204,1019,1017,40.68319988172761,-73.91166642308235
1205,Roebling St & N 4 St,1205,3059,3212,40.71469,-73.95739
1206,Rogers Ave & Sterling St,1206,1389,1395,40.6630619,-73.9538746
1207,Roosevelt Island Tramway,1207,2227,2264,40.757284,-73.9536
1208,S 3 St & Bedford Ave,1208,4441,4446,40.71260486,-73.96264403
1209,S 4 St & Rodney St,1209,2879,2885,40.70934,-73.95608
1210,S 4 St & Wythe Ave,1210,7380,7420,40.71285887,-73.96590294
1211,S 5 Pl & S 5 St,1211,6622,6914,40.710451,-73.960876
1212,S Portland Ave & Hanson Pl,1212,1942,1950,40.68539567,-73.97431458
1213,Sands St & Jay St,1213,2190,2206,40.700119,-73.9862
1214,Sands St Gate,1214,1476,1476,40.699569,-73.979827
1215,Schermerhorn St & Bond St,1215,4706,4806,40.688417427540834,-73.98451656103134
1216,Schermerhorn St & Court St,1216,2248,2307,40.69102925677968,-73.99183362722397
1217,Scholes St & Manhattan Ave,1217,3290,3292,40.70870368,-73.9448625
1218,Seaman Ave & Beak St,1218,502,499,40.867505,-73.926363
1219,Seaman Ave & Isham St,1219,391,394,40.86989866194045,-73.92076313495636
1220,Sedgwick Ave & Hall of Fame Tce,1220,11,12,40.859532,-73.913303
1221,Sedgwick Ave & W Burnside Ave,1221,103,102,40.854947,-73.916661
1222,Sedgwick Ave & W Tremont Ave,1222,320,326,40.853157,-73.918214
1223,Seneca Ave & Irvine St,1223,96,98,40.81872569990116,-73.88862490653992
1224,Shakespeare Ave & W 169 St,1224,281,281,40.839312,-73.922423
1225,Sharon St & Olive St,1225,1351,1355,40.715353,-73.93856
1226,Sheridan Ave & E 168 St,1226,98,81,40.835334,-73.9154
1227,Sheridan Ave & E 172 St,1227,160,161,40.840494,-73.911479
1228,Sherman Ave & E 166 St,1228,203,201,40.83130549267296,-73.91744792461395
1229,Sherman Ave & Thayer St,1229,449,451,40.863124,-73.926994
1230,Shore Blvd & Astoria Park,1230,838,826,40.77977,-73.923162
1231,Sigourney St & Columbia St,1231,773,778,40.67267243410948,-74.0087952464819
1232,Sip Ave,1232,0,1,40.73089709786179,-74.06391263008118
1233,Smith St & 3 St,1233,1556,1583,40.6787242,-73.99599099
1234,Smith St & 9 St,1234,1635,1677,40.6746957,-73.99785768
1235,Soissons Landing,1235,2179,2180,40.69231660719192,-74.01486575603485
1236,Somers St & Broadway,1236,178,183,40.67945,-73.90474
1237,South St & Gouverneur Ln,1237,6149,5920,40.70355377,-74.00670227
1238,South St & Whitehall St,1238,5043,5044,40.70122128,-74.01234218
1239,South Waterfront Walkway - Sinatra Dr & 1 St,1239,0,2,40.73698221818716,-74.02778059244156
1240,Southern Blvd & Avenue St. John,1240,273,285,40.812769,-73.901583
1241,Southern Blvd & E 142 St,1241,112,109,40.807347437082,-73.90809774398804
1242,Southern Blvd & E 149 St,1242,385,383,40.811892,-73.904192
1243,Southern Blvd & E 172 St,1243,124,119,40.834124,-73.88955
1244,Southern Blvd & E 174 St,1244,391,383,40.836733,-73.887931
1245,Southern Blvd & E 175 St,1245,415,418,40.839335,-73.886445
1246,Southern Blvd & Tiffany St,1246,151,148,40.818185,-73.894143
1247,Southpoint Park,1247,938,916,40.75370225419114,-73.95865201950072
1248,Southwest Park - Jackson St & Observer Hwy,1248,0,2,40.73755127245804,-74.04166370630264
1249,Spring St & Hudson St,1249,4935,4946,40.72583996792375,-74.0076532959938
1250,Spruce St & Gold St,1250,1374,1369,40.7103231,-74.0043228
1251,Spruce St & Nassau St,1251,3839,3811,40.71146364,-74.00552427
1252,St Ann's Ave & Westchester Ave,1252,258,264,40.815887,-73.911918
1253,St James Pl & Oliver St,1253,3513,3686,40.71307916,-73.99851193
1254,St James Pl & Pearl St,1254,1695,1813,40.71117416,-74.00016545
1255,St Johns Pl & Washington Ave,1255,2097,1977,40.6737236,-73.9631611
1256,St Marks Pl & 1 Ave,1256,1782,1792,40.72779126,-73.98564945
1257,St Marks Pl & 2 Ave,1257,10805,11003,40.7284186,-73.98713956
1258,St Marks Pl & 4 Ave,1258,1249,1253,40.68177810928762,-73.97988975048065
1259,St Mary's St & Jackson Ave,1259,324,331,40.808891,-73.91081
1260,St Nicholas Ave & Manhattan Ave,1260,3402,3408,40.809725,-73.953149
1261,St Nicholas Ave & W 134 St,1261,1343,1327,40.816234,-73.948222
1262,St Nicholas Ave & W 137 St,1262,820,831,40.818477,-73.947568
1263,St Nicholas Ave & W 150 St,1263,589,567,40.827212,-73.942722
1264,St. Ann's Av & Bruckner Blvd,1264,331,355,40.803399,-73.919763
1265,St. Ann's Ave & E 144 St,1265,268,273,40.811112,-73.914932
1266,St. Nicholas Ave & W 126 St,1266,3409,3399,40.8114323,-73.9518776
1267,St. Nicholas Ave & W 155 St,1267,245,249,40.830663,-73.941323
1268,St. Nicholas Ave & W 157 St,1268,259,205,40.832314,-73.94102
1269,St. Nicholas Terrace & Convent Ave,1269,346,309,40.821294,-73.947868
1270,Stagg St & Morgan Ave,1270,752,793,40.710681,-73.93372
1271,Stagg St & Union Ave,1271,3167,3171,40.70877084,-73.95095259
1272,Stanhope St & Fairview Ave,1272,639,508,40.70998,-73.91116
1273,Stanton St & Chrystie St,1273,6032,6129,40.72229346,-73.99147535
1274,Stanton St & Mangin St,1274,2537,2586,40.71782143,-73.97628939
1275,Stanton St & Norfolk St,1275,5635,5621,40.720747,-73.986274
1276,State St & Smith St,1276,2146,2170,40.68926942,-73.98912867
1277,Steinway St & 19 Ave,1277,105,159,40.778089,-73.899558
1278,Steinway St & 21 Ave,1278,476,465,40.774798,-73.903787
1279,Steinway St & 23 Ave,1279,474,470,40.7713937,-73.9077436
1280,Steinway St & 28 Ave,1280,1113,1116,40.7656251,-73.9136695
1281,Steinway St & Broadway,1281,2094,2099,40.75905795418586,-73.91897544264793
1282,Steinway St & Ditmars Blvd,1282,367,359,40.772717,-73.906127
1283,Stephen St & Seneca Ave,1283,129,127,40.6988,-73.9007
1284,Sterling Pl & Bedford Ave,1284,2253,2221,40.672695,-73.954131
1285,Sterling St & Bedford Ave,1285,954,954,40.6627059,-73.9569115
1286,Stewart Ave & Johnson Ave,1286,610,624,40.70869,-73.92587
1287,Stockholm St & Wilson Ave,1287,1227,1226,40.699304,-73.923044
1288,Stuyvesant Walk & 1 Av Loop,1288,658,666,40.732339777151054,-73.97898383438587
1289,Suffolk St & Stanton St,1289,7319,7309,40.72066442,-73.98517977
1290,Sullivan Pl & Bedford Ave,1290,452,450,40.6642406,-73.9574686
1291,Sullivan Pl & Franklin Ave,1291,1894,1889,40.66407983678161,-73.96025128666679
1292,Sullivan St & Washington Sq,1292,7213,7243,40.73047747,-73.99906065
1293,Sunken Meadow Comfort Station,1293,733,726,40.79558,-73.91906
1294,Suydam St & Broadway,1294,1482,1484,40.69544,-73.93223
1295,Suydam St & Knickerbocker Ave,1295,1733,1724,40.702013,-73.923769
1296,Suydam St & St. Nicholas Ave,1296,461,460,40.70636,-73.91945
1297,Thompson St & Bleecker St,1297,6215,6206,40.72840059450829,-73.99968780577183
1298,Throop Ave & Myrtle Ave,1298,855,831,40.69622937,-73.94371094
1299,Tiebout Ave & E 184 St,1299,185,171,40.858498,-73.89637
1300,Tiebout Ave & E Fordham Road,1300,456,466,40.861915,-73.894831
1301,Tinton Ave & E 165 St,1301,177,167,40.824796,-73.90242
1302,Tompkins Ave & Hopkins St,1302,899,912,40.69957608,-73.94708417
1303,Townsend Ave & E 175 St,1303,178,181,40.84741,-73.911359
1304,Underhill Ave & Lincoln Pl,1304,1719,1718,40.6740123,-73.9671457
1305,Underhill Ave & Pacific St,1305,1851,1838,40.6804836,-73.9646795
1306,Union Ave & E 169 St,1306,204,202,40.82995,-73.898802
1307,Union Ave & Jackson St,1307,1692,1703,40.7160751,-73.952029
1308,Union Ave & N 12 St,1308,3823,3981,40.71924,-73.95242
1309,Union Ave & Wallabout St,1309,1069,1087,40.70029511,-73.95032283
1310,Union St & 4 Ave,1310,1646,1647,40.6772744,-73.98282002
1311,Union St & Bedford Ave,1311,1011,986,40.6691783,-73.9554162
1312,Union St & Nevins St,1312,1382,1489,40.67909799721684,-73.98765474557877
1313,University Ave & Brandt Pl,1313,315,302,40.848354,-73.918389
1314,University Ave & Macombs Rd,1314,380,354,40.8496401,-73.9161206
1315,University Ave & W 168 St,1315,146,143,40.838706,-73.927034
1316,University Ave & W Burnside Ave,1316,145,127,40.85501,-73.910751
1317,University Pl & E 14 St,1317,10299,10335,40.734814,-73.992085
1318,University Pl & E 8 St,1318,9896,9944,40.73143724085228,-73.99490341544151
1319,Valentine Ave & E 183 St,1319,163,165,40.856987,-73.898237
1320,Van Brunt St & Van Dyke St,1320,1122,1213,40.6758329439129,-74.01472628116608
1321,Van Brunt St & Wolcott St,1321,929,930,40.6773429,-74.01275056
1322,Van Buren St & Broadway,1322,665,659,40.692,-73.92617
1323,Van Sinderen Ave & Truxton St,1323,634,637,40.6786,-73.90369
1324,Vernon Blvd & 10 St,1324,1122,1157,40.7671863,-73.9373554
1325,Vernon Blvd & 30 Rd,1325,1129,1139,40.770845,-73.934171
1326,Vernon Blvd & 31 Ave,1326,891,903,40.7692475,-73.9354504
1327,Vernon Blvd & 41 Rd,1327,763,794,40.7552433,-73.9485678
1328,Vernon Blvd & 47 Rd,1328,1441,1511,40.7449067,-73.9534573
1329,Vernon Blvd & 50 Ave,1329,3241,3328,40.74232744,-73.95411749
1330,Verona Pl & Fulton St,1330,1537,1529,40.6803560840434,-73.9476791024208
1331,Vesey Pl & River Terrace,1331,8303,8331,40.7153379,-74.01658354
1332,Vesey St & Church St,1332,3999,3910,40.71221958009051,-74.01047229766846
1333,W 10 St & Washington St,1333,3656,3668,40.73342399437081,-74.00851495563984
1334,W 100 St & Broadway,1334,4057,4060,40.7973721,-73.97041192
1335,W 100 St & Manhattan Ave,1335,3526,3504,40.795,-73.9645
1336,W 104 St & Amsterdam Ave,1336,2114,2014,40.79904139288298,-73.96649479866028
1337,W 106 St & Amsterdam Ave,1337,2398,2390,40.8008363,-73.9664492472
1338,W 106 St & Central Park West,1338,4153,4009,40.7981856,-73.9605909006
1339,W 107 St & Columbus Ave,1339,2013,2016,40.7997568,-73.9621128676
1340,W 11 St & 6 Ave,1340,5424,5159,40.73532427,-73.99800419
1341,W 110 St & Amsterdam Ave,1341,3181,3113,40.802692,-73.96295
1342,W 113 St & Broadway,1342,2937,2882,40.805973,-73.964928
1343,W 116 St & Amsterdam Ave,1343,3094,2992,40.8067581,-73.9607082
1344,W 116 St & Broadway,1344,1909,1839,40.8082,-73.9641
1345,W 120 St & Claremont Ave,1345,1342,1261,40.8109494,-73.9634
1346,W 129 St & Convent Ave,1346,571,561,40.814394437915816,-73.95324736833572
1347,W 13 St & 5 Ave,1347,7627,7635,40.735445,-73.99431
1348,W 13 St & 7 Ave,1348,6656,6667,40.73781509,-73.99994661
1349,W 133 St & 12 Ave,1349,530,524,40.820003,-73.959089
1350,W 135 St & Lenox Terrace Pl,1350,791,782,40.813619,-73.939336
1351,W 140 St & Riverside Dr,1351,327,299,40.824013,-73.954743
1352,W 144 St & Adam Clayton Powell Blvd,1352,697,694,40.820877,-73.939249
1353,W 145 St & Amsterdam Ave,1353,817,770,40.825244,-73.947257
1354,W 146 St & Broadway,1354,804,808,40.826969,-73.949738
1355,W 147 St & Adam Clayton Powell Blvd,1355,632,632,40.82281,-73.937413
1356,W 148 St & Amsterdam Ave,1356,620,593,40.827075,-73.945909
1357,W 15 St & 10 Ave,1357,4211,4413,40.74275382865903,-74.00747358798981
1358,W 15 St & 6 Ave,1358,8587,8244,40.738046142482766,-73.99642959237099
1359,W 15 St & 7 Ave,1359,6810,6339,40.73935542,-73.99931783
1360,W 155 St & Frederick Douglass Blvd,1360,457,453,40.82923,-73.936996
1361,W 159 St & Edgecombe Ave,1361,154,157,40.833303,-73.939326
1362,W 16 St & The High Line,1362,6567,6625,40.74334935,-74.00681753
1363,W 160 St & St. Nicholas Ave,1363,463,384,40.834468,-73.939865
1364,W 163 St & Edgecombe Ave,1364,211,193,40.835798,-73.937496
1365,W 163 St & Riverside Dr,1365,235,205,40.839278,-73.945446
1366,W 165 St & Fort Washington Ave,1366,473,453,40.84004,-73.942939
1367,W 168th S & Fort Washington Ave,1367,1125,974,40.84210236102173,-73.9422395825386
1368,W 17 St & 8 Ave,1368,5482,5459,40.74177603,-74.00149746
1369,W 170 St & University Ave,1369,305,283,40.84207,-73.926075
1370,W 171 St & St. Nicholas Ave,1370,386,341,40.842941,-73.938631
1371,W 18 St & 6 Ave,1371,8148,8169,40.73971301,-73.99456405
1372,W 18 St & 9 Ave,1372,1995,1988,40.7435337324616,-74.00367558002472
1373,W 180 St & Ft Washington Ave,1373,697,696,40.849972,-73.938423
1374,W 181 St & Riverside Dr,1374,1019,1008,40.85168,-73.94186
1375,W 186 St & St. Nicholas Ave,1375,243,246,40.852253,-73.931308
1376,W 190 St & Broadway,1376,404,353,40.85648733523576,-73.93296986818314
1377,W 190 St & St. Nicholas Ave,1377,335,296,40.854788,-73.929513
1378,W 192 St & University Ave,1378,199,164,40.866899,-73.901942
1379,W 20 St & 10 Ave,1379,12676,12681,40.745686,-74.005141
1380,W 20 St & 7 Ave,1380,7646,7687,40.74238787,-73.99726235
1381,W 20 St & 8 Ave,1381,7016,6850,40.74345335,-74.00004031
1382,W 204 St & Nagle Ave,1382,299,316,40.863211,-73.920827
1383,W 204 St & Vermilyea Ave,1383,251,242,40.866141,-73.922648
1384,W 21 St & 6 Ave,1384,14226,14223,40.74173969,-73.99415556
1385,W 212 St & 10 Ave,1385,99,100,40.8676583895191,-73.91675725579262
1386,W 218 St & Broadway,1386,244,243,40.87139,-73.914318
1387,W 218 St & Indian Rd,1387,223,210,40.873054589370895,-73.91837194561958
1388,W 22 St & 8 Ave,1388,7564,7560,40.74475148,-73.99915362
1389,W 225 St & Exterior St,1389,642,669,40.873265,-73.906646
1390,W 24 St & 7 Ave,1390,10012,8774,40.74487634,-73.99529885
1391,W 25 St & 6 Ave,1391,7217,7212,40.74395411,-73.99144871
1392,W 26 St & 10 Ave,1392,5994,6080,40.749717753,-74.002950346
1393,W 26 St & 8 Ave,1393,7639,7456,40.74734825,-73.99723551
1394,W 27 St & 7 Ave,1394,8310,8226,40.746647,-73.993915
1395,W 29 St & 9 Ave,1395,5538,5488,40.7500727,-73.99839279
1396,W 30 St & 10 Ave,1396,10007,10000,40.752694,-74.002353
1397,W 31 St & 7 Ave,1397,7987,8023,40.749156,-73.9916
1398,W 33 St & 7 Ave,1398,6691,6664,40.75019995,-73.99093085
1399,W 34 St & 11 Ave,1399,9260,9321,40.75594159,-74.0021163
1400,W 35 St & 9 Ave,1400,4409,4388,40.75414519263519,-73.9960889518261
1401,W 35 St & Dyer Ave,1401,3967,3497,40.754691750226016,-73.99740189313889
1402,W 36 St & 7 Ave,1402,3089,3083,40.752149,-73.989539
1403,W 36 St & 9 Ave,1403,3553,3532,40.75462324029105,-73.99516761302948
1404,W 37 St & 10 Ave,1404,4484,4473,40.75660359,-73.9979009
1405,W 37 St & 5 Ave,1405,4343,4325,40.75038009,-73.98338988
1406,W 4 St & 7 Ave S,1406,10440,10513,40.73401143,-74.00293877
1407,W 41 St & 8 Ave,1407,8267,8195,40.75640548,-73.9900262
1408,W 42 St & 6 Ave,1408,7606,7568,40.75492,-73.98455
1409,W 42 St & 8 Ave,1409,5322,5321,40.7575699,-73.99098507
1410,W 42 St & Dyer Ave,1410,4350,4305,40.75898481399634,-73.99379968643188
1411,W 43 St & 10 Ave,1411,7333,7202,40.76009437,-73.99461843
1412,W 44 St & 11 Ave,1412,6474,6342,40.762009,-73.996975
1413,W 44 St & 5 Ave,1413,5065,4973,40.75500254,-73.98014437
1414,W 45 St & 8 Ave,1414,6575,6493,40.75929124,-73.98859651
1415,W 46 St & 11 Ave,1415,3761,3691,40.76341379,-73.99667444
1416,W 47 St & 10 Ave,1416,5610,5612,40.76269882,-73.99301222
1417,W 47 St & 6 Ave,1417,3548,3563,40.758397,-73.98255
1418,W 48 St & Rockefeller Plaza,1418,3277,3239,40.75793646243674,-73.97960275411606
1419,W 49 St & 8 Ave,1419,5473,5125,40.76227205,-73.98788205
1420,W 50 St & 10 Ave,1420,4047,3747,40.76473420006519,-73.99194359779358
1421,W 50 St & 9 Ave,1421,3660,3639,40.76360467795863,-73.98917958140373
1422,W 51 St & 6 Ave,1422,3994,3831,40.7606597,-73.98042047
1423,W 51 St & Rockefeller Plaza,1423,2610,2609,40.75973805251143,-73.97811613976955
1424,W 52 St & 11 Ave,1424,4186,4092,40.76727216,-73.99392888
1425,W 52 St & 6 Ave,1425,3184,3144,40.76132983124814,-73.97982001304626
1426,W 53 St & 10 Ave,1426,4585,4596,40.76669671,-73.99061728
1427,W 54 St & 11 Ave,1427,5680,5470,40.768333,-73.992573
1428,W 54 St & 9 Ave,1428,4962,4892,40.76584941,-73.98690506
1429,W 55 St & 6 Ave,1429,6122,6118,40.763189,-73.978434
1430,W 56 St & 10 Ave,1430,3405,3351,40.768254,-73.988639
1431,W 59 St & 10 Ave,1431,5815,5156,40.770513,-73.988038
1432,W 63 St & Broadway,1432,9031,8919,40.77163851,-73.98261428
1433,W 64 St & Thelonious Monk Circle,1433,4184,4179,40.77515953434235,-73.98918695747852
1434,W 67 St & Broadway,1434,4587,4599,40.77492513,-73.98266566
1435,W 70 St & Amsterdam Ave,1435,5544,5457,40.77748046,-73.98288594
1436,W 74 St & Columbus Ave,1436,10,9,40.7785669,-73.97754961
1437,W 76 St & Columbus Ave,1437,4691,4304,40.7801839724239,-73.97728532552719
1438,W 82 St & Central Park West,1438,71,66,40.78275,-73.97137
1439,W 84 St & Broadway,1439,3098,2926,40.7867947,-73.977112
1440,W 84 St & Columbus Ave,1440,4656,4631,40.78499979,-73.97283406
1441,W 87 St & Amsterdam Ave,1441,3063,2945,40.78839,-73.9747
1442,W 87 St & West End Ave,1442,2777,2743,40.789622,-73.97757
1443,W 89 St & Columbus Ave,1443,3782,3432,40.7882213,-73.97041561
1444,W 90 St & Amsterdam Ave,1444,2259,2250,40.79017948095081,-73.97288918495178
1445,W 92 St & Broadway,1445,2350,2342,40.7921,-73.9739
1446,W 95 St & Broadway,1446,3587,3586,40.7937704,-73.971888
1447,W Broadway & Spring St,1447,4591,4602,40.72494672359416,-74.00165855884552
1448,W Broadway & W Houston St,1448,3753,3755,40.726378,-74.000472
1449,W Burnside Ave & University Ave,1449,104,108,40.853686,-73.912498
1450,W Fordham Rd & Loring Pl N,1450,304,307,40.86295,-73.90741
1451,W Mosholu Pkwy S & Sedgwick Ave,1451,333,312,40.88226,-73.88702
1452,W Tremont Ave & Grand Ave,1452,121,117,40.850036,-73.912785
1453,W Tremont Ave & Montgomery Ave,1453,199,197,40.851788,-73.916418
1454,Wadsworth Ave & W 175 St,1454,429,387,40.846052,-73.937648
1455,Wadsworth Ave & W 179 St,1455,673,644,40.848467,-73.936064
1456,Wales Ave & E 147 St,1456,137,134,40.811314,-73.907729
1457,Walnut Ave & E 136 St,1457,146,144,40.801657,-73.909513
1458,Walton Ave & E 153 St,1458,244,247,40.822351,-73.926907
1459,Walton Ave & E 168 St,1459,349,355,40.83649,-73.918316
1460,Walton Ave & E 171 St,1460,266,261,40.840683,-73.915073
1461,Walton Ave & E 183 St,1461,128,126,40.858472,-73.90266
1462,Wards Meadow Comfort Station,1462,1703,1709,40.78294,-73.93077
1463,Warren St,1463,0,1,40.7211236,-74.03805095
1464,Warren St & Court St,1464,1490,1499,40.686371,-73.99383324
1465,Warren St & Smith St,1465,1747,1738,40.68542400997018,-73.99127773940563
1466,Warren St & W Broadway,1466,3028,3047,40.71473993,-74.00910627
1467,Washington Ave & E 163 St,1467,504,512,40.824,-73.91089
1468,Washington Ave & E 167 St,1468,161,166,40.829896,-73.907618
1469,Washington Ave & E 174 St,1469,124,136,40.843079,-73.900216
1470,Washington Ave & Greene Ave,1470,1619,1623,40.68650065,-73.96563307
1471,Washington Ave & Park Ave,1471,2339,2490,40.69610226,-73.96751037
1472,Washington Park,1472,2117,2123,40.6917823,-73.9737299
1473,Washington Pl & 6 Ave,1473,6802,6859,40.73224119,-74.00026394
1474,Washington Pl & Broadway,1474,7435,7279,40.72903917,-73.99404649
1475,Washington St & Barrow St,1475,3198,3313,40.73191132323174,-74.008769094944
1476,Washington St & Gansevoort St,1476,8025,8076,40.739323,-74.008119
1477,Water St & Gouverneur Ln,1477,40,50,40.70469667894968,-74.00803416967392
1478,Water St & Main St,1478,1769,1801,40.703212,-73.990409
1479,Waterbury St & Stagg St,1479,1020,1035,40.71019,-73.93734
1480,Waterloo Pl & Crotona Park East,1480,181,182,40.839194,-73.888587
1481,Watts St & Greenwich St,1481,4119,4167,40.72405549,-74.00965965
1482,Webb Ave & W 190 St,1482,86,82,40.8660052,-73.904254892
1483,Webster Ave & E 166 St,1483,87,108,40.828975,-73.911259
1484,Webster Ave & Ford St,1484,319,316,40.85556,-73.89615
1485,Weeks Ave & E 175 St,1485,163,145,40.846879,-73.907342
1486,West Drive & Prospect Park West,1486,4852,4841,40.6610633719006,-73.97945255041122
1487,West End Ave & W 107 St,1487,2183,2138,40.8021174,-73.9681805305
1488,West End Ave & W 60 St,1488,6827,6832,40.77237,-73.99005
1489,West End Ave & W 78 St,1489,13,9,40.783786,-73.981687
1490,West End Ave & W 94 St,1490,2401,2401,40.7941654,-73.974124
1491,West Farms Rd & Boone Ave,1491,97,117,40.830025,-73.886312
1492,West St & Chambers St,1492,11668,11642,40.71754834,-74.01322069
1493,West St & Liberty St,1493,11371,11484,40.711444,-74.014847
1494,West Thames St,1494,5810,5934,40.70834698,-74.01713445
1495,Westchester Ave & E 156 St,1495,212,210,40.817802,-73.905203
1496,Westchester Ave & Jackson Ave,1496,452,461,40.816124,-73.908116
1497,Westchester Ave & Longwood Ave,1497,315,320,40.819701,-73.901311
1498,Westchester Ave & Southern Blvd,1498,441,443,40.824956,-73.891677
1499,White St & Johnson Ave,1499,397,440,40.707174,-73.93581
1500,White St & Moore St,1500,1081,1123,40.704508,-73.9351
1501,Wilkins Ave & Crotona Park E,1501,116,116,40.835302,-73.895133
1502,William St & Pine St,1502,4004,4002,40.70717936,-74.00887308
1503,Willis Ave & Bruckner Blvd,1503,446,447,40.805701,-73.925177
1504,Willis Ave & E 137 St,1504,732,734,40.808384,-73.923604
1505,Willis Ave & E 141 St,1505,478,479,40.81093,-73.921606
1506,Willis Ave & E 143 St,1506,322,331,40.812299,-73.92037
1507,Willoughby Ave & Hall St,1507,3138,2895,40.69196035,-73.96536851
1508,Willoughby Ave & Myrtle Ave,1508,1881,1880,40.69757,-73.93098
1509,Willoughby Ave & Onderdonk Ave,1509,413,423,40.7098,-73.91727
1510,Willoughby Ave & Tompkins Ave,1510,1699,1696,40.69425403,-73.94626915
1511,Willoughby Ave & Walworth St,1511,1535,1549,40.69331716,-73.95381995
1512,Willoughby Ave & Wyckoff Ave,1512,1119,1126,40.705614,-73.92153
1513,Willoughby St & Ashland Pl,1513,622,638,40.69178,-73.97877
1514,Willoughby St & Fleet St,1514,2155,2170,40.69196566,-73.9813018
1515,Willow Ave & E 133 St,1515,344,348,40.800933,-73.913863
1516,Wilson Ave & Moffat St,1516,403,401,40.68906,-73.90506
1517,Wilson Ave & Troutman St,1517,1153,1087,40.70166,-73.92754
1518,Windsor Pl & 8 Ave,1518,858,718,40.660906,-73.983074
1519,Windsor Pl & Howard Pl,1519,844,767,40.65949055893896,-73.98013919591904
1520,Withers St & Kingsland Ave,1520,844,852,40.71773,-73.94051
1521,Wolcott St & Dwight St,1521,250,261,40.6753274,-74.0100698
1522,Woodward Ave & Harman St,1522,417,403,40.70793,-73.91092
1523,Wyckoff Av & Jefferson St,1523,1549,1576,40.707165,-73.923711
1524,Wyckoff Av & Stanhope St,1524,1647,1649,40.703545,-73.917775
1525,Wyckoff Ave & Gates Ave,1525,1398,1348,40.699871408829885,-73.91171872615814
1526,Wyckoff St & Nevins St,1526,969,970,40.683426,-73.984275
1527,Wythe Ave & Metropolitan Ave,1527,6930,7204,40.716887,-73.963198
1528,Yankee Ferry Terminal,1528,1885,1897,40.68706579875912,-74.01675585121666
